Protocollo;Gruppo;DataOraIncidente;Localizzazione1;STRADA1;Localizzazione2;STRADA2;Strada02;Chilometrica;DaSpecificare;NaturaIncidente;particolaritastrade;TipoStrada;FondoStradale;Pavimentazione;Segnaletica;CondizioneAtmosferica;Traffico;Visibilita;Illuminazione;NUM_FERITI;NUM_RISERVATA;NUM_MORTI;NUM_ILLESI;Longitudine;Latitudine;Confermato;Progressivo;TipoVeicolo;StatoVeicolo;TipoPersona;Sesso;Tipolesione;Deceduto;DecedutoDopo;CinturaCascoUtilizzato;Airbag
1719470;10;08/04/2007 13:30;Statale entro l'abitato;VIA TUSCOLANA;all'intersezione con;VIA DI TORRE SPACCATA;VIA DI TORRE SPACCATA;;;Scontro frontale/laterale SX fra veicoli in marcia;Incrocio;Due carreggiate;Asciutto;Asfaltata;Verticale ed orizzontale;Sereno;Scarso;Buona;Ore Diurne;3;0;0;3;;;-1;2;Autovettura privata;In marcia / fermata / arresto;Passeggero;M;Rimandato;0;NON DECEDUTO;Non accertato;Inesistente
1719470;10;08/04/2007 13:30;Statale entro l'abitato;VIA TUSCOLANA;all'intersezione con;VIA DI TORRE SPACCATA;VIA DI TORRE SPACCATA;;;Scontro frontale/laterale SX fra veicoli in marcia;Incrocio;Due carreggiate;Asciutto;Asfaltata;Verticale ed orizzontale;Sereno;Scarso;Buona;Ore Diurne;3;0;0;3;;;-1;2;Autovettura privata;In marcia / fermata / arresto;Passeggero;F;Illeso;0;;Non accertato;Inesistente
1719471;10;09/04/2007 09:20;Strada Urbana;PIAZZA QUINTO CURZIO;all'intersezione con;VIA ORAZIO PULVILLO;VIA ORAZIO PULVILLO;;;Scontro laterale fra veicoli in marcia;Intersezione non regolata/non segnalata;Due carreggiate;Asciutto;Asfaltata;Verticale ed orizzontale;Sereno;Scarso;Buona;Ore Diurne;0;0;0;3;;;-1;1;Autovettura privata;In marcia / fermata / arresto;Conducente;M;Illeso;0;;Utilizzato;Inesistente
1719471;10;09/04/2007 09:20;Strada Urbana;PIAZZA QUINTO CURZIO;all'intersezione con;VIA ORAZIO PULVILLO;VIA ORAZIO PULVILLO;;;Scontro laterale fra veicoli in marcia;Intersezione non regolata/non segnalata;Due carreggiate;Asciutto;Asfaltata;Verticale ed orizzontale;Sereno;Scarso;Buona;Ore Diurne;0;0;0;3;;;-1;1;Autovettura privata;In marcia / fermata / arresto;Passeggero;F;Illeso;0;;Non accertato;Inesistente
1719471;10;09/04/2007 09:20;Strada Urbana;PIAZZA QUINTO CURZIO;all'intersezione con;VIA ORAZIO PULVILLO;VIA ORAZIO PULVILLO;;;Scontro laterale fra veicoli in marcia;Intersezione non regolata/non segnalata;Due carreggiate;Asciutto;Asfaltata;Verticale ed orizzontale;Sereno;Scarso;Buona;Ore Diurne;0;0;0;3;;;-1;2;Autovettura privata;In marcia / fermata / arresto;Conducente;M;Illeso;0;;Utilizzato;Inesistente
1719472;10;09/04/2007 18:10;Strada Urbana;VIA QUINTILIO VARO;all'intersezione con;CIRCONVALLAZIONE TUSCOLANA;CIRCONVALLAZIONE TUSCOLANA;;;Scontro frontale/laterale SX fra veicoli in marcia;Incrocio;Una carreggiata a senso unico di marcia;Asciutto;Asfaltata;Verticale ed orizzontale;Sereno;Scarso;Buona;Ore Diurne;4;0;0;1;;;-1;1;Autobus urbano;In marcia / fermata / arresto;Conducente;M;Rimandato;0;NON DECEDUTO;Esente;Inesistente
1719472;10;09/04/2007 18:10;Strada Urbana;VIA QUINTILIO VARO;all'intersezione con;CIRCONVALLAZIONE TUSCOLANA;CIRCONVALLAZIONE TUSCOLANA;;;Scontro frontale/laterale SX fra veicoli in marcia;Incrocio;Una carreggiata a senso unico di marcia;Asciutto;Asfaltata;Verticale ed orizzontale;Sereno;Scarso;Buona;Ore Diurne;4;0;0;1;;;-1;2;Autovettura privata;In marcia / fermata / arresto;Conducente;M;Rimandato;0;NON DECEDUTO;Non accertato;Inesistente
1719472;10;09/04/2007 18:10;Strada Urbana;VIA QUINTILIO VARO;all'intersezione con;CIRCONVALLAZIONE TUSCOLANA;CIRCONVALLAZIONE TUSCOLANA;;;Scontro frontale/laterale SX fra veicoli in marcia;Incrocio;Una carreggiata a senso unico di marcia;Asciutto;Asfaltata;Verticale ed orizzontale;Sereno;Scarso;Buona;Ore Diurne;4;0;0;1;;;-1;2;Autovettura privata;In marcia / fermata / arresto;Passeggero;M;Rimandato;0;NON DECEDUTO;Non accertato;Inesistente
1719472;10;09/04/2007 18:10;Strada Urbana;VIA QUINTILIO VARO;all'intersezione con;CIRCONVALLAZIONE TUSCOLANA;CIRCONVALLAZIONE TUSCOLANA;;;Scontro frontale/laterale SX fra veicoli in marcia;Incrocio;Una carreggiata a senso unico di marcia;Asciutto;Asfaltata;Verticale ed orizzontale;Sereno;Scarso;Buona;Ore Diurne;4;0;0;1;;;-1;2;Autovettura privata;In marcia / fermata / arresto;Passeggero;M;Rimandato;0;NON DECEDUTO;Utilizzato;Inesistente
1719472;10;09/04/2007 18:10;Strada Urbana;VIA QUINTILIO VARO;all'intersezione con;CIRCONVALLAZIONE TUSCOLANA;CIRCONVALLAZIONE TUSCOLANA;;;Scontro frontale/laterale SX fra veicoli in marcia;Incrocio;Una carreggiata a senso unico di marcia;Asciutto;Asfaltata;Verticale ed orizzontale;Sereno;Scarso;Buona;Ore Diurne;4;0;0;1;;;-1;2;Autovettura privata;In marcia / fermata / arresto;Passeggero;M;Illeso;0;;Utilizzato;Inesistente
1719473;11;07/04/2007 15:45;Strada Urbana;VIA DELL'ALMONE;in prossimità;;del civico n. ;37;;Investimento di pedone;Rettilineo;Una carreggiata a doppio senso;Asciutto;Asfaltata;Orizzontale;Sereno;Scarso;Buona;Ore Diurne;1;0;0;1;;;-1;;;;Pedone;M;Rimandato;0;NON DECEDUTO;;
1719473;11;07/04/2007 15:45;Strada Urbana;VIA DELL'ALMONE;in prossimità;;del civico n. ;37;;Investimento di pedone;Rettilineo;Una carreggiata a doppio senso;Asciutto;Asfaltata;Orizzontale;Sereno;Scarso;Buona;Ore Diurne;1;0;0;1;;;-1;1;Motociclo a solo;In marcia / fermata / arresto;Conducente;M;Illeso;0;;Utilizzato;Inesistente
1719474;11;07/04/2007 19:00;Strada Urbana;CIRCONVALLAZIONE OSTIENSE;in corrispondenza;;del civico n. ;139;;Veicolo in marcia contro veicolo in sosta;Rettilineo;Due carreggiate;Asciutto;Asfaltata;Assente;Sereno;Normale;Buona;Ore Diurne;2;0;0;1;;;-1;1;Autovettura privata;In marcia / fermata / arresto;Conducente;M;Illeso;0;;Non accertato;Inesploso
1719474;11;07/04/2007 19:00;Strada Urbana;CIRCONVALLAZIONE OSTIENSE;in corrispondenza;;del civico n. ;139;;Veicolo in marcia contro veicolo in sosta;Rettilineo;Due carreggiate;Asciutto;Asfaltata;Assente;Sereno;Normale;Buona;Ore Diurne;2;0;0;1;;;-1;2;Ciclomotore;In marcia / fermata / arresto;Conducente;M;Ricoverato;0;NON DECEDUTO;Utilizzato;Inesistente
1719474;11;07/04/2007 19:00;Strada Urbana;CIRCONVALLAZIONE OSTIENSE;in corrispondenza;;del civico n. ;139;;Veicolo in marcia contro veicolo in sosta;Rettilineo;Due carreggiate;Asciutto;Asfaltata;Assente;Sereno;Normale;Buona;Ore Diurne;2;0;0;1;;;-1;2;Ciclomotore;In marcia / fermata / arresto;Passeggero;M;Ricoverato;0;NON DECEDUTO;Utilizzato;Inesistente
1719475;11;08/04/2007 10:50;Strada Urbana;VIA CRISTOFORO COLOMBO;in corrispondenza;;del civico n. ;142;;Scontro frontale/laterale SX fra veicoli in marcia;Rettilineo;Più di due carreggiate;Asciutto;Asfaltata;Verticale ed orizzontale;Sereno;Normale;Buona;Ore Diurne;0;0;0;4;;;-1;1;Autovettura privata;In marcia / fermata / arresto;Conducente;M;Illeso;0;;Non accertato;Inesistente
1719475;11;08/04/2007 10:50;Strada Urbana;VIA CRISTOFORO COLOMBO;in corrispondenza;;del civico n. ;142;;Scontro frontale/laterale SX fra veicoli in marcia;Rettilineo;Più di due carreggiate;Asciutto;Asfaltata;Verticale ed orizzontale;Sereno;Normale;Buona;Ore Diurne;0;0;0;4;;;-1;1;Autovettura privata;In marcia / fermata / arresto;Passeggero;F;Illeso;0;;Non accertato;Inesistente
1719475;11;08/04/2007 10:50;Strada Urbana;VIA CRISTOFORO COLOMBO;in corrispondenza;;del civico n. ;142;;Scontro frontale/laterale SX fra veicoli in marcia;Rettilineo;Più di due carreggiate;Asciutto;Asfaltata;Verticale ed orizzontale;Sereno;Normale;Buona;Ore Diurne;0;0;0;4;;;-1;2;Autovettura privata;In marcia / fermata / arresto;Passeggero;F;Illeso;0;;Non accertato;Inesistente
1719475;11;08/04/2007 10:50;Strada Urbana;VIA CRISTOFORO COLOMBO;in corrispondenza;;del civico n. ;142;;Scontro frontale/laterale SX fra veicoli in marcia;Rettilineo;Più di due carreggiate;Asciutto;Asfaltata;Verticale ed orizzontale;Sereno;Normale;Buona;Ore Diurne;0;0;0;4;;;-1;2;Autovettura privata;In marcia / fermata / arresto;Conducente;M;Illeso;0;;Non accertato;Inesistente
1719476;20;09/04/2007 15:05;Strada Urbana;VIALE DI TOR DI QUINTO;in prossimità;;del civico n. ;119;;Tamponamento;Rettilineo;Due carreggiate;Asciutto;Asfaltata;Verticale ed orizzontale;Sereno;Scarso;Buona;Ore Diurne;0;0;0;7;;;-1;1;Autovettura privata;In marcia / fermata / arresto;Conducente;F;Illeso;0;;Non accertato;Inesistente
1719476;20;09/04/2007 15:05;Strada Urbana;VIALE DI TOR DI QUINTO;in prossimità;;del civico n. ;119;;Tamponamento;Rettilineo;Due carreggiate;Asciutto;Asfaltata;Verticale ed orizzontale;Sereno;Scarso;Buona;Ore Diurne;0;0;0;7;;;-1;1;Autovettura privata;In marcia / fermata / arresto;Passeggero;M;Illeso;0;;Non accertato;Inesistente
1719476;20;09/04/2007 15:05;Strada Urbana;VIALE DI TOR DI QUINTO;in prossimità;;del civico n. ;119;;Tamponamento;Rettilineo;Due carreggiate;Asciutto;Asfaltata;Verticale ed orizzontale;Sereno;Scarso;Buona;Ore Diurne;0;0;0;7;;;-1;2;Autovettura privata;In marcia / fermata / arresto;Conducente;M;Illeso;0;;Non accertato;Inesistente
1719476;20;09/04/2007 15:05;Strada Urbana;VIALE DI TOR DI QUINTO;in prossimità;;del civico n. ;119;;Tamponamento;Rettilineo;Due carreggiate;Asciutto;Asfaltata;Verticale ed orizzontale;Sereno;Scarso;Buona;Ore Diurne;0;0;0;7;;;-1;2;Autovettura privata;In marcia / fermata / arresto;Passeggero;M;Illeso;0;;Non accertato;Inesistente
1719476;20;09/04/2007 15:05;Strada Urbana;VIALE DI TOR DI QUINTO;in prossimità;;del civico n. ;119;;Tamponamento;Rettilineo;Due carreggiate;Asciutto;Asfaltata;Verticale ed orizzontale;Sereno;Scarso;Buona;Ore Diurne;0;0;0;7;;;-1;3;Autovettura privata;In marcia / fermata / arresto;Conducente;M;Illeso;0;;Non accertato;Inesistente
1719476;20;09/04/2007 15:05;Strada Urbana;VIALE DI TOR DI QUINTO;in prossimità;;del civico n. ;119;;Tamponamento;Rettilineo;Due carreggiate;Asciutto;Asfaltata;Verticale ed orizzontale;Sereno;Scarso;Buona;Ore Diurne;0;0;0;7;;;-1;3;Autovettura privata;In marcia / fermata / arresto;Passeggero;M;Illeso;0;;Non accertato;Inesistente
1719476;20;09/04/2007 15:05;Strada Urbana;VIALE DI TOR DI QUINTO;in prossimità;;del civico n. ;119;;Tamponamento;Rettilineo;Due carreggiate;Asciutto;Asfaltata;Verticale ed orizzontale;Sereno;Scarso;Buona;Ore Diurne;0;0;0;7;;;-1;3;Autovettura privata;In marcia / fermata / arresto;Passeggero;M;Illeso;0;;Non accertato;Inesistente
1719477;20;09/04/2007 18:15;Statale entro l'abitato;VIA CASSIA;all'intersezione con;VIA GRADOLI;VIA GRADOLI;;;Scontro frontale/laterale DX fra veicoli in marcia;Incrocio;Una carreggiata a doppio senso;Asciutto;Asfaltata;Verticale ed orizzontale;Sereno;Scarso;Buona;Ore Diurne;2;0;0;1;;;-1;1;Autovettura privata;In marcia / fermata / arresto;Conducente;F;Illeso;0;;Non accertato;Inesistente
1719477;20;09/04/2007 18:15;Statale entro l'abitato;VIA CASSIA;all'intersezione con;VIA GRADOLI;VIA GRADOLI;;;Scontro frontale/laterale DX fra veicoli in marcia;Incrocio;Una carreggiata a doppio senso;Asciutto;Asfaltata;Verticale ed orizzontale;Sereno;Scarso;Buona;Ore Diurne;2;0;0;1;;;-1;2;Ciclomotore;In marcia / fermata / arresto;Conducente;F;Rimandato;0;NON DECEDUTO;Non accertato;Inesistente
1719477;20;09/04/2007 18:15;Statale entro l'abitato;VIA CASSIA;all'intersezione con;VIA GRADOLI;VIA GRADOLI;;;Scontro frontale/laterale DX fra veicoli in marcia;Incrocio;Una carreggiata a doppio senso;Asciutto;Asfaltata;Verticale ed orizzontale;Sereno;Scarso;Buona;Ore Diurne;2;0;0;1;;;-1;2;Ciclomotore;In marcia / fermata / arresto;Passeggero;F;Rimandato;0;NON DECEDUTO;Non accertato;Inesistente
1719479;12;05/04/2007 16:05;Strada Urbana;VIALE IGNAZIO SILONE;in corrispondenza;;del civico n. ;157;;Tamponamento;Rettilineo;Due carreggiate;Bagnato (pioggia);Asfaltata;Orizzontale;Nuvoloso;Normale;Buona;Ore Diurne;1;0;0;1;;;-1;1;Ciclomotore;In marcia / fermata / arresto;Conducente;M;Ricoverato;0;NON DECEDUTO;Utilizzato;Inesistente
1719479;12;05/04/2007 16:05;Strada Urbana;VIALE IGNAZIO SILONE;in corrispondenza;;del civico n. ;157;;Tamponamento;Rettilineo;Due carreggiate;Bagnato (pioggia);Asfaltata;Orizzontale;Nuvoloso;Normale;Buona;Ore Diurne;1;0;0;1;;;-1;2;Autovettura privata;In marcia / fermata / arresto;Conducente;M;Illeso;0;;Utilizzato;Inesploso
1719480;12;05/04/2007 16:55;Strada Urbana;VIA CANZONE DEL PIAVE;all'intersezione con;VIA DELLA DIVISIONE TORINO;VIA DELLA DIVISIONE TORINO;;;Scontro frontale/laterale SX fra veicoli in marcia;Incrocio;Una carreggiata a doppio senso;Bagnato (pioggia);Asfaltata;Verticale ed orizzontale;Nuvoloso;Intenso;Buona;Ore Diurne;0;0;0;3;;;-1;1;Ciclomotore;In marcia / fermata / arresto;Conducente;M;Illeso;0;;Utilizzato;Inesistente
1719480;12;05/04/2007 16:55;Strada Urbana;VIA CANZONE DEL PIAVE;all'intersezione con;VIA DELLA DIVISIONE TORINO;VIA DELLA DIVISIONE TORINO;;;Scontro frontale/laterale SX fra veicoli in marcia;Incrocio;Una carreggiata a doppio senso;Bagnato (pioggia);Asfaltata;Verticale ed orizzontale;Nuvoloso;Intenso;Buona;Ore Diurne;0;0;0;3;;;-1;2;Autovettura privata;In marcia / fermata / arresto;Conducente;M;Illeso;0;;Utilizzato;Inesistente
1719480;12;05/04/2007 16:55;Strada Urbana;VIA CANZONE DEL PIAVE;all'intersezione con;VIA DELLA DIVISIONE TORINO;VIA DELLA DIVISIONE TORINO;;;Scontro frontale/laterale SX fra veicoli in marcia;Incrocio;Una carreggiata a doppio senso;Bagnato (pioggia);Asfaltata;Verticale ed orizzontale;Nuvoloso;Intenso;Buona;Ore Diurne;0;0;0;3;;;-1;2;Autovettura privata;In marcia / fermata / arresto;Passeggero;F;Illeso;0;;Utilizzato;Inesistente
1719481;12;05/04/2007 20:05;Strada Urbana;VIA DI ACQUA ACETOSA OSTIENSE;all'intersezione con;VIA CAMUS;VIA CAMUS;;;Scontro frontale/laterale DX fra veicoli in marcia;Incrocio;Una carreggiata a doppio senso;Asciutto;Asfaltata;Verticale ed orizzontale;Sereno;Scarso;Buona;Insufficiente;0;0;0;3;;;-1;1;Autovettura privata;In marcia / fermata / arresto;Conducente;M;Illeso;0;;Utilizzato;Inesploso
1719481;12;05/04/2007 20:05;Strada Urbana;VIA DI ACQUA ACETOSA OSTIENSE;all'intersezione con;VIA CAMUS;VIA CAMUS;;;Scontro frontale/laterale DX fra veicoli in marcia;Incrocio;Una carreggiata a doppio senso;Asciutto;Asfaltata;Verticale ed orizzontale;Sereno;Scarso;Buona;Insufficiente;0;0;0;3;;;-1;2;Autovettura privata;In marcia / fermata / arresto;Conducente;M;Illeso;0;;Utilizzato;Inesistente
1719481;12;05/04/2007 20:05;Strada Urbana;VIA DI ACQUA ACETOSA OSTIENSE;all'intersezione con;VIA CAMUS;VIA CAMUS;;;Scontro frontale/laterale DX fra veicoli in marcia;Incrocio;Una carreggiata a doppio senso;Asciutto;Asfaltata;Verticale ed orizzontale;Sereno;Scarso;Buona;Insufficiente;0;0;0;3;;;-1;2;Autovettura privata;In marcia / fermata / arresto;Passeggero;F;Illeso;0;;Utilizzato;Inesistente
1719482;12;06/04/2007 14:00;Strada Urbana;VIA DEL COLLE DELLA STREGA;in corrispondenza;;del civico n. ;16;;Veicolo in marcia contro veicolo in sosta;Rettilineo;Una carreggiata a senso unico di marcia;Asciutto;Asfaltata;Orizzontale;Sereno;Scarso;Buona;Ore Diurne;0;0;0;3;;;-1;1;Autovettura privata;In marcia / fermata / arresto;Passeggero;M;Illeso;0;;Utilizzato;Inesistente
1719482;12;06/04/2007 14:00;Strada Urbana;VIA DEL COLLE DELLA STREGA;in corrispondenza;;del civico n. ;16;;Veicolo in marcia contro veicolo in sosta;Rettilineo;Una carreggiata a senso unico di marcia;Asciutto;Asfaltata;Orizzontale;Sereno;Scarso;Buona;Ore Diurne;0;0;0;3;;;-1;1;Autovettura privata;In marcia / fermata / arresto;Conducente;F;Illeso;0;;Utilizzato;Inesistente
1719482;12;06/04/2007 14:00;Strada Urbana;VIA DEL COLLE DELLA STREGA;in corrispondenza;;del civico n. ;16;;Veicolo in marcia contro veicolo in sosta;Rettilineo;Una carreggiata a senso unico di marcia;Asciutto;Asfaltata;Orizzontale;Sereno;Scarso;Buona;Ore Diurne;0;0;0;3;;;-1;2;Autovettura privata;In marcia / fermata / arresto;Conducente;M;Illeso;0;;Utilizzato;Inesistente
1719483;12;06/04/2007 16:20;Comunale extraurbana;VIA DEL FOSSO DELLA SANTOLA;all'intersezione con;VIA DEL PONTE DI PISCINA CUPA;VIA DEL PONTE DI PISCINA CUPA;;;Scontro frontale/laterale DX fra veicoli in marcia;Incrocio;Una carreggiata a doppio senso;Asciutto;Asfaltata;Verticale ed orizzontale;Sereno;Scarso;Buona;Ore Diurne;0;0;0;2;;;-1;1;Autovettura privata;In marcia / fermata / arresto;Conducente;M;Illeso;0;;Utilizzato;Inesistente
1719483;12;06/04/2007 16:20;Comunale extraurbana;VIA DEL FOSSO DELLA SANTOLA;all'intersezione con;VIA DEL PONTE DI PISCINA CUPA;VIA DEL PONTE DI PISCINA CUPA;;;Scontro frontale/laterale DX fra veicoli in marcia;Incrocio;Una carreggiata a doppio senso;Asciutto;Asfaltata;Verticale ed orizzontale;Sereno;Scarso;Buona;Ore Diurne;0;0;0;2;;;-1;2;Motociclo a solo;In marcia / fermata / arresto;Conducente;M;Illeso;0;;Utilizzato;Inesistente
1719484;12;06/04/2007 18:00;Strada Urbana;VIA DI ACQUA ACETOSA OSTIENSE;da specificare;;;;altezza deposito demolizioni;Scontro frontale/laterale SX fra veicoli in marcia;Rettilineo;Una carreggiata a doppio senso;Asciutto;Asfaltata;Verticale ed orizzontale;Sereno;Normale;Buona;Ore Diurne;0;0;0;2;;;-1;1;Autovettura privata;In marcia / fermata / arresto;Conducente;M;Illeso;0;;Utilizzato;Inesistente
1719484;12;06/04/2007 18:00;Strada Urbana;VIA DI ACQUA ACETOSA OSTIENSE;da specificare;;;;altezza deposito demolizioni;Scontro frontale/laterale SX fra veicoli in marcia;Rettilineo;Una carreggiata a doppio senso;Asciutto;Asfaltata;Verticale ed orizzontale;Sereno;Normale;Buona;Ore Diurne;0;0;0;2;;;-1;2;Ciclomotore;In marcia / fermata / arresto;Conducente;F;Illeso;0;;Utilizzato;Inesistente
1719485;12;06/04/2007 18:20;Provinciale;VIA LAURENTINA;all'intersezione con;VIA DI VALLERANO;VIA DI VALLERANO;;;Scontro frontale/laterale SX fra veicoli in marcia;Incrocio;Una carreggiata a doppio senso;Asciutto;Asfaltata;Verticale ed orizzontale;Sereno;Intenso;Buona;Ore Diurne;1;0;0;1;;;-1;1;Autobus urbano;In marcia / fermata / arresto;Conducente;M;Illeso;0;;Utilizzato;Inesistente
1719485;12;06/04/2007 18:20;Provinciale;VIA LAURENTINA;all'intersezione con;VIA DI VALLERANO;VIA DI VALLERANO;;;Scontro frontale/laterale SX fra veicoli in marcia;Incrocio;Una carreggiata a doppio senso;Asciutto;Asfaltata;Verticale ed orizzontale;Sereno;Intenso;Buona;Ore Diurne;1;0;0;1;;;-1;2;Autovettura privata;In marcia / fermata / arresto;Conducente;F;Rimandato;0;NON DECEDUTO;Utilizzato;Inesistente
1719486;13;09/04/2007 13:00;Provinciale;VIA LITORANEA;da specificare;;;;ALTEZZA  OTTAVO CANCELLO;Scontro frontale fra veicoli in marcia;Rettilineo;Una carreggiata a doppio senso;Asciutto;Asfaltata;Orizzontale;Sereno;Normale;Buona;Ore Diurne;2;0;0;1;;;-1;1;Motociclo con passeggero;In marcia / fermata / arresto;Conducente;M;Rimandato;0;NON DECEDUTO;Utilizzato;Inesistente
1719486;13;09/04/2007 13:00;Provinciale;VIA LITORANEA;da specificare;;;;ALTEZZA  OTTAVO CANCELLO;Scontro frontale fra veicoli in marcia;Rettilineo;Una carreggiata a doppio senso;Asciutto;Asfaltata;Orizzontale;Sereno;Normale;Buona;Ore Diurne;2;0;0;1;;;-1;1;Motociclo con passeggero;In marcia / fermata / arresto;Passeggero;F;Rimandato;0;NON DECEDUTO;Non accertato;Inesistente
1719486;13;09/04/2007 13:00;Provinciale;VIA LITORANEA;da specificare;;;;ALTEZZA  OTTAVO CANCELLO;Scontro frontale fra veicoli in marcia;Rettilineo;Una carreggiata a doppio senso;Asciutto;Asfaltata;Orizzontale;Sereno;Normale;Buona;Ore Diurne;2;0;0;1;;;-1;2;Autovettura privata;In marcia / fermata / arresto;Conducente;M;Illeso;0;;Non accertato;Inesploso
1719487;13;09/04/2007 14:10;Strada Urbana;LUNGOMARE DUILIO;da specificare;;;;FRONTE STABILIMENTO PLINIUS;Veicolo in marcia contro veicolo in sosta;Rettilineo;Due carreggiate;Asciutto;Asfaltata;Orizzontale;Sereno;Normale;Buona;Ore Diurne;1;0;0;2;;;-1;1;Motociclo a solo;In marcia / fermata / arresto;Conducente;M;Rimandato;0;NON DECEDUTO;Non accertato;Inesistente
1719487;13;09/04/2007 14:10;Strada Urbana;LUNGOMARE DUILIO;da specificare;;;;FRONTE STABILIMENTO PLINIUS;Veicolo in marcia contro veicolo in sosta;Rettilineo;Due carreggiate;Asciutto;Asfaltata;Orizzontale;Sereno;Normale;Buona;Ore Diurne;1;0;0;2;;;-1;2;Autovettura privata;In marcia / fermata / arresto;Conducente;M;Illeso;0;;Non accertato;Inesploso
1719487;13;09/04/2007 14:10;Strada Urbana;LUNGOMARE DUILIO;da specificare;;;;FRONTE STABILIMENTO PLINIUS;Veicolo in marcia contro veicolo in sosta;Rettilineo;Due carreggiate;Asciutto;Asfaltata;Orizzontale;Sereno;Normale;Buona;Ore Diurne;1;0;0;2;;;-1;2;Autovettura privata;In marcia / fermata / arresto;Passeggero;F;Illeso;0;;Non accertato;Inesploso
1719488;13;09/04/2007 19:15;Strada Urbana;VIA CAMILLO MIOLA;all'intersezione con;VIA FELICE GIANI;VIA FELICE GIANI;;;Scontro frontale/laterale DX fra veicoli in marcia;Incrocio;Una carreggiata a doppio senso;Asciutto;Asfaltata;Assente;Sereno;Scarso;Buona;Ore Diurne;0;0;0;3;;;-1;1;Autovettura privata;In marcia / fermata / arresto;Conducente;F;Illeso;0;;Non accertato;Inesistente
1719488;13;09/04/2007 19:15;Strada Urbana;VIA CAMILLO MIOLA;all'intersezione con;VIA FELICE GIANI;VIA FELICE GIANI;;;Scontro frontale/laterale DX fra veicoli in marcia;Incrocio;Una carreggiata a doppio senso;Asciutto;Asfaltata;Assente;Sereno;Scarso;Buona;Ore Diurne;0;0;0;3;;;-1;1;Autovettura privata;In marcia / fermata / arresto;Passeggero;M;Illeso;0;;Utilizzato;Inesistente
1719488;13;09/04/2007 19:15;Strada Urbana;VIA CAMILLO MIOLA;all'intersezione con;VIA FELICE GIANI;VIA FELICE GIANI;;;Scontro frontale/laterale DX fra veicoli in marcia;Incrocio;Una carreggiata a doppio senso;Asciutto;Asfaltata;Assente;Sereno;Scarso;Buona;Ore Diurne;0;0;0;3;;;-1;2;Autovettura privata;In marcia / fermata / arresto;Conducente;M;Illeso;0;;Non accertato;Inesistente
1719489;15;06/04/2007 10:45;Strada Urbana;VIA DELLA MAGLIANA;da specificare;;;;IN CORRISPONDENZA V.LO S. PASSERA;Veicolo in marcia contro veicolo arresto;Curva a visuale libera;Una carreggiata a doppio senso;Asciutto;Asfaltata;Verticale ed orizzontale;Sereno;Normale;Buona;Ore Diurne;0;0;0;3;;;-1;1;Autovettura privata;In marcia / fermata / arresto;Conducente;M;Illeso;0;;Utilizzato;Inesistente
1719489;15;06/04/2007 10:45;Strada Urbana;VIA DELLA MAGLIANA;da specificare;;;;IN CORRISPONDENZA V.LO S. PASSERA;Veicolo in marcia contro veicolo arresto;Curva a visuale libera;Una carreggiata a doppio senso;Asciutto;Asfaltata;Verticale ed orizzontale;Sereno;Normale;Buona;Ore Diurne;0;0;0;3;;;-1;2;Autovettura privata;In marcia / fermata / arresto;Conducente;M;Illeso;0;;Utilizzato;Inesistente
1719489;15;06/04/2007 10:45;Strada Urbana;VIA DELLA MAGLIANA;da specificare;;;;IN CORRISPONDENZA V.LO S. PASSERA;Veicolo in marcia contro veicolo arresto;Curva a visuale libera;Una carreggiata a doppio senso;Asciutto;Asfaltata;Verticale ed orizzontale;Sereno;Normale;Buona;Ore Diurne;0;0;0;3;;;-1;2;Autovettura privata;In marcia / fermata / arresto;Passeggero;F;Illeso;0;;Utilizzato;Inesistente
1719490;15;06/04/2007 16:00;Strada Urbana;VIA PIEVE FOSCIANA;all'intersezione con;VIA DELL'IMPRUNETA;VIA DELL'IMPRUNETA;;;Scontro frontale/laterale DX fra veicoli in marcia;Incrocio;Una carreggiata a doppio senso;Asciutto;Asfaltata;Verticale ed orizzontale;Sereno;Scarso;Sufficiente;Ore Diurne;0;0;0;1;;;-1;1;Autovettura privata;In marcia / fermata / arresto;Conducente;F;Illeso;0;;Utilizzato;Inesistente
1719491;15;06/04/2007 16:30;Strada Urbana;VIALE ISACCO NEWTON;da specificare;;;;50 MT. DOPO SVINCOLO ROMA/FIUMICINO;Tamponamento;Curva a visuale libera;Due carreggiate;Asciutto;Asfaltata;Orizzontale;Sereno;Normale;Buona;Ore Diurne;2;0;0;1;;;-1;1;Autovettura privata;In marcia / fermata / arresto;Conducente;F;Illeso;0;;Utilizzato;Inesistente
1719491;15;06/04/2007 16:30;Strada Urbana;VIALE ISACCO NEWTON;da specificare;;;;50 MT. DOPO SVINCOLO ROMA/FIUMICINO;Tamponamento;Curva a visuale libera;Due carreggiate;Asciutto;Asfaltata;Orizzontale;Sereno;Normale;Buona;Ore Diurne;2;0;0;1;;;-1;2;Motociclo con passeggero;In marcia / fermata / arresto;Conducente;M;Rimandato;0;NON DECEDUTO;Utilizzato;Inesistente
1719491;15;06/04/2007 16:30;Strada Urbana;VIALE ISACCO NEWTON;da specificare;;;;50 MT. DOPO SVINCOLO ROMA/FIUMICINO;Tamponamento;Curva a visuale libera;Due carreggiate;Asciutto;Asfaltata;Orizzontale;Sereno;Normale;Buona;Ore Diurne;2;0;0;1;;;-1;2;Motociclo con passeggero;In marcia / fermata / arresto;Passeggero;F;Rimandato;0;NON DECEDUTO;Utilizzato;Inesistente
1719492;15;07/04/2007 00:50;Strada Urbana;VIA PORTUENSE;in corrispondenza;;del civico n. ;292;;Tamponamento;Rettilineo;Una carreggiata a doppio senso;Asciutto;Asfaltata;Orizzontale;Sereno;Scarso;Buona;Sufficiente;1;0;0;2;;;-1;1;Autovettura privata;In marcia / fermata / arresto;Conducente;F;Illeso;0;;Utilizzato;Inesistente