Protocollo;Gruppo;DataOraIncidente;Localizzazione1;STRADA1;Localizzazione2;STRADA2;Strada02;Chilometrica;DaSpecificare;NaturaIncidente;particolaritastrade;TipoStrada;FondoStradale;Pavimentazione;Segnaletica;CondizioneAtmosferica;Traffico;Visibilita;Illuminazione;NUM_FERITI;NUM_RISERVATA;NUM_MORTI;NUM_ILLESI;Longitudine;Latitudine;Confermato;Progressivo;TipoVeicolo;StatoVeicolo;TipoPersona;Sesso;Tipolesione;Deceduto;DecedutoDopo;CinturaCascoUtilizzato;Airbag
1720159;5;13/04/2007 11:50;Comunale extraurbana;VIA FONDI DI MONASTERO;all'intersezione con;VIA S.GIOVANNI IN ARGENTELLA;VIA S.GIOVANNI IN ARGENTELLA;;;Veicolo in marcia contro ostacolo fisso;Incrocio;Due carreggiate;Asciutto;Asfaltata;Verticale ed orizzontale;Sereno;Normale;Buona;Ore Diurne;0;0;0;3;;;-1;1;Autovettura privata;In marcia / fermata / arresto;Conducente;M;Illeso;0;;Non accertato;Inesistente
1720159;5;13/04/2007 11:50;Comunale extraurbana;VIA FONDI DI MONASTERO;all'intersezione con;VIA S.GIOVANNI IN ARGENTELLA;VIA S.GIOVANNI IN ARGENTELLA;;;Veicolo in marcia contro ostacolo fisso;Incrocio;Due carreggiate;Asciutto;Asfaltata;Verticale ed orizzontale;Sereno;Normale;Buona;Ore Diurne;0;0;0;3;;;-1;1;Autovettura privata;In marcia / fermata / arresto;Passeggero;F;Illeso;0;;Non accertato;Inesistente
1720159;5;13/04/2007 11:50;Comunale extraurbana;VIA FONDI DI MONASTERO;all'intersezione con;VIA S.GIOVANNI IN ARGENTELLA;VIA S.GIOVANNI IN ARGENTELLA;;;Veicolo in marcia contro ostacolo fisso;Incrocio;Due carreggiate;Asciutto;Asfaltata;Verticale ed orizzontale;Sereno;Normale;Buona;Ore Diurne;0;0;0;3;;;-1;2;Autocarro inferiore 35 q.;In marcia / fermata / arresto;Conducente;M;Illeso;0;;Non accertato;Inesistente
1720160;5;13/04/2007 13:30;Strada Urbana;VIA DELLA VANGA;all'intersezione con;LARGO BOIANO;LARGO BOIANO;;;Scontro frontale/laterale SX fra veicoli in marcia;Incrocio;Due carreggiate;Asciutto;Asfaltata;Verticale ed orizzontale;Sereno;Normale;Buona;Ore Diurne;1;0;0;2;;;-1;1;Autovettura privata;In marcia / fermata / arresto;Conducente;M;Illeso;0;;Non accertato;Inesistente
1720160;5;13/04/2007 13:30;Strada Urbana;VIA DELLA VANGA;all'intersezione con;LARGO BOIANO;LARGO BOIANO;;;Scontro frontale/laterale SX fra veicoli in marcia;Incrocio;Due carreggiate;Asciutto;Asfaltata;Verticale ed orizzontale;Sereno;Normale;Buona;Ore Diurne;1;0;0;2;;;-1;2;Autovettura privata;In marcia / fermata / arresto;Conducente;M;Rimandato;0;NON DECEDUTO;Non accertato;Inesistente
1720160;5;13/04/2007 13:30;Strada Urbana;VIA DELLA VANGA;all'intersezione con;LARGO BOIANO;LARGO BOIANO;;;Scontro frontale/laterale SX fra veicoli in marcia;Incrocio;Due carreggiate;Asciutto;Asfaltata;Verticale ed orizzontale;Sereno;Normale;Buona;Ore Diurne;1;0;0;2;;;-1;2;Autovettura privata;In marcia / fermata / arresto;Passeggero;M;Illeso;0;;Non accertato;Inesistente
1720161;5;13/04/2007 16:00;Strada Urbana;VIA SCONTRONE;all'intersezione con;VIA CEPAGATTI;VIA CEPAGATTI;;;Scontro frontale fra veicoli in marcia;Incrocio;Una carreggiata a doppio senso;Asciutto;Asfaltata;Assente;Sereno;Scarso;Buona;Ore Diurne;0;0;0;2;;;-1;1;Autovettura privata;In marcia / fermata / arresto;Conducente;M;Illeso;0;;Non accertato;Inesistente
1720161;5;13/04/2007 16:00;Strada Urbana;VIA SCONTRONE;all'intersezione con;VIA CEPAGATTI;VIA CEPAGATTI;;;Scontro frontale fra veicoli in marcia;Incrocio;Una carreggiata a doppio senso;Asciutto;Asfaltata;Assente;Sereno;Scarso;Buona;Ore Diurne;0;0;0;2;;;-1;2;Autovettura privata;In marcia / fermata / arresto;Conducente;M;Illeso;0;;Non accertato;Inesistente
1720162;5;13/04/2007 19:30;Strada Urbana;VIALE EGIDIO GALBANI;da specificare;;;;altezza Comte dir. C. de Pazzi;Veicolo in marcia contro ostacolo fisso;Curva a visuale libera;Due carreggiate;Asciutto;Asfaltata;Verticale ed orizzontale;Sereno;Intenso;Buona;Sufficiente;0;0;0;1;;;-1;1;Autovettura privata;In marcia / fermata / arresto;Conducente;M;Illeso;0;;Non accertato;Esploso
1720163;6;14/04/2007 10:10;Strada Urbana;VIA TEANO;in corrispondenza;;del civico n. ;50;;Veicolo in marcia contro ostacolo accidentale;Rettilineo;Una carreggiata a doppio senso;Bagnato (umidità in atto);Asfaltata;Assente;Nuvoloso;Scarso;Buona;Ore Diurne;1;0;0;0;;;-1;1;Motociclo a solo;In marcia / fermata / arresto;Conducente;M;Rimandato;0;NON DECEDUTO;Utilizzato;Inesistente
1720164;6;14/04/2007 15:20;Strada Urbana;VIA LEONARDO BUFALINI;all'intersezione con;VIA GIOVANNI MAGGI;VIA GIOVANNI MAGGI;;;Veicolo in marcia contro veicolo fermo;Incrocio;Due carreggiate;Asciutto;Asfaltata;Verticale ed orizzontale;Nuvoloso;Normale;Buona;Ore Diurne;2;0;0;1;;;-1;1;Autovettura privata;In marcia / fermata / arresto;Conducente;M;Illeso;0;;Non accertato;Inesistente
1720164;6;14/04/2007 15:20;Strada Urbana;VIA LEONARDO BUFALINI;all'intersezione con;VIA GIOVANNI MAGGI;VIA GIOVANNI MAGGI;;;Veicolo in marcia contro veicolo fermo;Incrocio;Due carreggiate;Asciutto;Asfaltata;Verticale ed orizzontale;Nuvoloso;Normale;Buona;Ore Diurne;2;0;0;1;;;-1;2;Autovettura privata;In marcia / fermata / arresto;Conducente;F;Rimandato;0;NON DECEDUTO;Non accertato;Inesistente
1720164;6;14/04/2007 15:20;Strada Urbana;VIA LEONARDO BUFALINI;all'intersezione con;VIA GIOVANNI MAGGI;VIA GIOVANNI MAGGI;;;Veicolo in marcia contro veicolo fermo;Incrocio;Due carreggiate;Asciutto;Asfaltata;Verticale ed orizzontale;Nuvoloso;Normale;Buona;Ore Diurne;2;0;0;1;;;-1;2;Autovettura privata;In marcia / fermata / arresto;Passeggero;F;Rimandato;0;NON DECEDUTO;Non accertato;Inesistente
1720165;6;14/04/2007 18:40;Strada Urbana;VIALE DELLA STAZIONE PRENESTINA;all'intersezione semaforizzata con;VIA PRENESTINA;VIA PRENESTINA;;;Scontro frontale fra veicoli in marcia;Incrocio;Due carreggiate;Asciutto;Asfaltata;Verticale ed orizzontale;Nuvoloso;Normale;Buona;Ore Diurne;0;0;0;2;;;-1;1;Autovettura privata;In marcia / fermata / arresto;Conducente;M;Illeso;0;;Utilizzato;Inesistente
1720165;6;14/04/2007 18:40;Strada Urbana;VIALE DELLA STAZIONE PRENESTINA;all'intersezione semaforizzata con;VIA PRENESTINA;VIA PRENESTINA;;;Scontro frontale fra veicoli in marcia;Incrocio;Due carreggiate;Asciutto;Asfaltata;Verticale ed orizzontale;Nuvoloso;Normale;Buona;Ore Diurne;0;0;0;2;;;-1;2;Autovettura privata;In marcia / fermata / arresto;Conducente;F;Illeso;0;;Non accertato;Inesistente
1720166;6;14/04/2007 21:10;Strada Urbana;VIA DINO PENAZZATO;in prossimità;;del civico n. ;7;;Veicolo in marcia contro veicolo fermo;Rettilineo;Una carreggiata a doppio senso;Asciutto;Asfaltata;Assente;Nuvoloso;Scarso;Sufficiente;Sufficiente;0;0;0;1;;;-1;2;Autovettura privata;In marcia / fermata / arresto;Conducente;M;Illeso;0;;Non accertato;Inesistente
1720167;6;14/04/2007 22:00;Strada Urbana;VIA DEGLI ANGELI;in corrispondenza;;del civico n. ;140;;Scontro frontale/laterale SX fra veicoli in marcia;Curva a visuale libera;Una carreggiata a doppio senso;Bagnato (pioggia);Asfaltata;Assente;Nuvoloso;Scarso;Buona;Sufficiente;0;0;0;2;;;-1;1;Autovettura privata;In marcia / fermata / arresto;Conducente;F;Illeso;0;;Non accertato;Inesistente
1720167;6;14/04/2007 22:00;Strada Urbana;VIA DEGLI ANGELI;in corrispondenza;;del civico n. ;140;;Scontro frontale/laterale SX fra veicoli in marcia;Curva a visuale libera;Una carreggiata a doppio senso;Bagnato (pioggia);Asfaltata;Assente;Nuvoloso;Scarso;Buona;Sufficiente;0;0;0;2;;;-1;2;Autovettura privata;In marcia / fermata / arresto;Conducente;M;Illeso;0;;Non accertato;Inesistente
1720168;6;14/04/2007 23:30;Strada Urbana;VIA DOMANICO;all'intersezione con;VIA SAN PIETRO IN GUARANO;VIA SAN PIETRO IN GUARANO;;;Scontro frontale/laterale DX fra veicoli in marcia;Incrocio;Una carreggiata a doppio senso;Asciutto;Con buche;Assente;Nuvoloso;Scarso;Insufficiente;Inesistente;4;0;0;0;;;-1;1;Autovettura privata;In marcia / fermata / arresto;Conducente;M;Rifiuta cure immediate;0;NON DECEDUTO;Non accertato;Inesistente
1720168;6;14/04/2007 23:30;Strada Urbana;VIA DOMANICO;all'intersezione con;VIA SAN PIETRO IN GUARANO;VIA SAN PIETRO IN GUARANO;;;Scontro frontale/laterale DX fra veicoli in marcia;Incrocio;Una carreggiata a doppio senso;Asciutto;Con buche;Assente;Nuvoloso;Scarso;Insufficiente;Inesistente;4;0;0;0;;;-1;1;Autovettura privata;In marcia / fermata / arresto;Passeggero;M;Rifiuta cure immediate;0;NON DECEDUTO;Non accertato;Inesistente
1720168;6;14/04/2007 23:30;Strada Urbana;VIA DOMANICO;all'intersezione con;VIA SAN PIETRO IN GUARANO;VIA SAN PIETRO IN GUARANO;;;Scontro frontale/laterale DX fra veicoli in marcia;Incrocio;Una carreggiata a doppio senso;Asciutto;Con buche;Assente;Nuvoloso;Scarso;Insufficiente;Inesistente;4;0;0;0;;;-1;1;Autovettura privata;In marcia / fermata / arresto;Passeggero;M;Rifiuta cure immediate;0;NON DECEDUTO;Non accertato;Inesistente
1720168;6;14/04/2007 23:30;Strada Urbana;VIA DOMANICO;all'intersezione con;VIA SAN PIETRO IN GUARANO;VIA SAN PIETRO IN GUARANO;;;Scontro frontale/laterale DX fra veicoli in marcia;Incrocio;Una carreggiata a doppio senso;Asciutto;Con buche;Assente;Nuvoloso;Scarso;Insufficiente;Inesistente;4;0;0;0;;;-1;1;Autovettura privata;In marcia / fermata / arresto;Passeggero;F;Rifiuta cure immediate;0;NON DECEDUTO;Non accertato;Inesistente
1720170;6;15/04/2007 18:00;Strada Urbana;VIA PRENESTINA;in corrispondenza;;del civico n. ;95;;Tamponamento;Rettilineo;Due carreggiate;Asciutto;Asfaltata;Verticale ed orizzontale;Sereno;Intenso;Buona;Ore Diurne;2;0;0;0;;;-1;1;Motociclo a solo;In marcia / fermata / arresto;Conducente;M;Rimandato;0;NON DECEDUTO;Utilizzato;Inesistente
1720170;6;15/04/2007 18:00;Strada Urbana;VIA PRENESTINA;in corrispondenza;;del civico n. ;95;;Tamponamento;Rettilineo;Due carreggiate;Asciutto;Asfaltata;Verticale ed orizzontale;Sereno;Intenso;Buona;Ore Diurne;2;0;0;0;;;-1;2;Autovettura privata;In marcia / fermata / arresto;Conducente;M;Rimandato;0;NON DECEDUTO;Non accertato;Inesploso
1720171;6;15/04/2007 23:30;Strada Urbana;VIA PRENESTINA;all'intersezione semaforizzata con;VIA TOR DE' SCHIAVI;VIA TOR DE' SCHIAVI;;;Scontro laterale fra veicoli in marcia;Intersezione semaforizzata;Più di due carreggiate;Asciutto;Asfaltata;Verticale ed orizzontale;Sereno;Scarso;Sufficiente;Sufficiente;2;0;0;6;;;-1;1;Autovettura privata;In marcia / fermata / arresto;Conducente;M;Illeso;0;;Utilizzato;Inesistente
1720171;6;15/04/2007 23:30;Strada Urbana;VIA PRENESTINA;all'intersezione semaforizzata con;VIA TOR DE' SCHIAVI;VIA TOR DE' SCHIAVI;;;Scontro laterale fra veicoli in marcia;Intersezione semaforizzata;Più di due carreggiate;Asciutto;Asfaltata;Verticale ed orizzontale;Sereno;Scarso;Sufficiente;Sufficiente;2;0;0;6;;;-1;1;Autovettura privata;In marcia / fermata / arresto;Passeggero;M;Illeso;0;;Non accertato;Inesistente
1720171;6;15/04/2007 23:30;Strada Urbana;VIA PRENESTINA;all'intersezione semaforizzata con;VIA TOR DE' SCHIAVI;VIA TOR DE' SCHIAVI;;;Scontro laterale fra veicoli in marcia;Intersezione semaforizzata;Più di due carreggiate;Asciutto;Asfaltata;Verticale ed orizzontale;Sereno;Scarso;Sufficiente;Sufficiente;2;0;0;6;;;-1;1;Autovettura privata;In marcia / fermata / arresto;Passeggero;M;Rimandato;0;NON DECEDUTO;Non accertato;Inesistente
1720171;6;15/04/2007 23:30;Strada Urbana;VIA PRENESTINA;all'intersezione semaforizzata con;VIA TOR DE' SCHIAVI;VIA TOR DE' SCHIAVI;;;Scontro laterale fra veicoli in marcia;Intersezione semaforizzata;Più di due carreggiate;Asciutto;Asfaltata;Verticale ed orizzontale;Sereno;Scarso;Sufficiente;Sufficiente;2;0;0;6;;;-1;1;Autovettura privata;In marcia / fermata / arresto;Passeggero;F;Rimandato;0;NON DECEDUTO;Non accertato;Inesistente
1720171;6;15/04/2007 23:30;Strada Urbana;VIA PRENESTINA;all'intersezione semaforizzata con;VIA TOR DE' SCHIAVI;VIA TOR DE' SCHIAVI;;;Scontro laterale fra veicoli in marcia;Intersezione semaforizzata;Più di due carreggiate;Asciutto;Asfaltata;Verticale ed orizzontale;Sereno;Scarso;Sufficiente;Sufficiente;2;0;0;6;;;-1;2;Autoambulanza;In marcia / fermata / arresto;Conducente;M;Illeso;0;;Esente;Inesploso
1720171;6;15/04/2007 23:30;Strada Urbana;VIA PRENESTINA;all'intersezione semaforizzata con;VIA TOR DE' SCHIAVI;VIA TOR DE' SCHIAVI;;;Scontro laterale fra veicoli in marcia;Intersezione semaforizzata;Più di due carreggiate;Asciutto;Asfaltata;Verticale ed orizzontale;Sereno;Scarso;Sufficiente;Sufficiente;2;0;0;6;;;-1;2;Autoambulanza;In marcia / fermata / arresto;Passeggero;F;Illeso;0;;Non accertato;Inesistente
1720171;6;15/04/2007 23:30;Strada Urbana;VIA PRENESTINA;all'intersezione semaforizzata con;VIA TOR DE' SCHIAVI;VIA TOR DE' SCHIAVI;;;Scontro laterale fra veicoli in marcia;Intersezione semaforizzata;Più di due carreggiate;Asciutto;Asfaltata;Verticale ed orizzontale;Sereno;Scarso;Sufficiente;Sufficiente;2;0;0;6;;;-1;2;Autoambulanza;In marcia / fermata / arresto;Passeggero;F;Illeso;0;;Non accertato;Inesistente
1720171;6;15/04/2007 23:30;Strada Urbana;VIA PRENESTINA;all'intersezione semaforizzata con;VIA TOR DE' SCHIAVI;VIA TOR DE' SCHIAVI;;;Scontro laterale fra veicoli in marcia;Intersezione semaforizzata;Più di due carreggiate;Asciutto;Asfaltata;Verticale ed orizzontale;Sereno;Scarso;Sufficiente;Sufficiente;2;0;0;6;;;-1;2;Autoambulanza;In marcia / fermata / arresto;Passeggero;M;Illeso;0;;Non accertato;Inesistente
1720172;7;13/04/2007 13:00;Strada Urbana;VIA PRENESTINA;all'intersezione semaforizzata con;VIA GIUSEPPE CANDIANI;VIA GIUSEPPE CANDIANI;;;Scontro frontale/laterale DX fra veicoli in marcia;Incrocio;Una carreggiata a doppio senso;Asciutto;Asfaltata;Verticale ed orizzontale;Sereno;Intenso;Buona;Ore Diurne;0;0;0;3;;;-1;1;Motociclo a solo;In marcia / fermata / arresto;Conducente;M;Illeso;0;;Non accertato;Inesistente
1720172;7;13/04/2007 13:00;Strada Urbana;VIA PRENESTINA;all'intersezione semaforizzata con;VIA GIUSEPPE CANDIANI;VIA GIUSEPPE CANDIANI;;;Scontro frontale/laterale DX fra veicoli in marcia;Incrocio;Una carreggiata a doppio senso;Asciutto;Asfaltata;Verticale ed orizzontale;Sereno;Intenso;Buona;Ore Diurne;0;0;0;3;;;-1;2;Autovettura di polizia;In marcia / fermata / arresto;Conducente;M;Illeso;0;;Non accertato;Inesploso
1720172;7;13/04/2007 13:00;Strada Urbana;VIA PRENESTINA;all'intersezione semaforizzata con;VIA GIUSEPPE CANDIANI;VIA GIUSEPPE CANDIANI;;;Scontro frontale/laterale DX fra veicoli in marcia;Incrocio;Una carreggiata a doppio senso;Asciutto;Asfaltata;Verticale ed orizzontale;Sereno;Intenso;Buona;Ore Diurne;0;0;0;3;;;-1;2;Autovettura di polizia;In marcia / fermata / arresto;Passeggero;F;Illeso;0;;Non accertato;Inesploso
1720173;7;13/04/2007 13:30;Strada Urbana;VIALE ALESSANDRINO;in prossimità;;del civico n. ;125;;Veicolo in marcia contro veicolo fermo;Rettilineo;Una carreggiata a doppio senso;Asciutto;Asfaltata;Assente;Sereno;Scarso;Buona;Ore Diurne;0;0;0;1;;;-1;2;Autocarro inferiore 35 q.;In marcia / fermata / arresto;Conducente;M;Illeso;0;;Non accertato;Inesistente
1720174;7;13/04/2007 18:55;Strada Urbana;PIAZZA TEOFRASTO;all'intersezione con;VIA FEDERICO DELPINO;VIA FEDERICO DELPINO;;;Scontro frontale/laterale DX fra veicoli in marcia;Incrocio;Una carreggiata a doppio senso;Asciutto;Asfaltata;Verticale ed orizzontale;Sereno;Intenso;Buona;Ore Diurne;2;0;0;1;;;-1;1;Autovettura privata;In marcia / fermata / arresto;Conducente;M;Illeso;0;;Non accertato;Inesistente
1720174;7;13/04/2007 18:55;Strada Urbana;PIAZZA TEOFRASTO;all'intersezione con;VIA FEDERICO DELPINO;VIA FEDERICO DELPINO;;;Scontro frontale/laterale DX fra veicoli in marcia;Incrocio;Una carreggiata a doppio senso;Asciutto;Asfaltata;Verticale ed orizzontale;Sereno;Intenso;Buona;Ore Diurne;2;0;0;1;;;-1;2;Motociclo con passeggero;In marcia / fermata / arresto;Conducente;F;Rimandato;0;NON DECEDUTO;Non accertato;Inesistente
1720174;7;13/04/2007 18:55;Strada Urbana;PIAZZA TEOFRASTO;all'intersezione con;VIA FEDERICO DELPINO;VIA FEDERICO DELPINO;;;Scontro frontale/laterale DX fra veicoli in marcia;Incrocio;Una carreggiata a doppio senso;Asciutto;Asfaltata;Verticale ed orizzontale;Sereno;Intenso;Buona;Ore Diurne;2;0;0;1;;;-1;2;Motociclo con passeggero;In marcia / fermata / arresto;Passeggero;F;Rimandato;0;NON DECEDUTO;Non accertato;Inesistente
1720175;7;13/04/2007 19:30;Strada Urbana;VIA DELLA RUSTICA;all'intersezione con;VIA AMARILLI;VIA AMARILLI;;;Scontro frontale/laterale SX fra veicoli in marcia;Incrocio;Una carreggiata a doppio senso;Asciutto;Asfaltata;Verticale ed orizzontale;Sereno;Normale;Buona;Sufficiente;1;0;0;1;;;-1;1;Autovettura privata;In marcia / fermata / arresto;Conducente;M;Rimandato;0;NON DECEDUTO;Non accertato;Inesploso
1720175;7;13/04/2007 19:30;Strada Urbana;VIA DELLA RUSTICA;all'intersezione con;VIA AMARILLI;VIA AMARILLI;;;Scontro frontale/laterale SX fra veicoli in marcia;Incrocio;Una carreggiata a doppio senso;Asciutto;Asfaltata;Verticale ed orizzontale;Sereno;Normale;Buona;Sufficiente;1;0;0;1;;;-1;2;Autovettura privata;In marcia / fermata / arresto;Conducente;M;Illeso;0;;Non accertato;Inesploso
1720176;7;13/04/2007 19:35;Strada Urbana;VIA DAVIDE CAMPARI;in corrispondenza;;del civico n. ;205;;Tamponamento;Rettilineo;Una carreggiata a doppio senso;Asciutto;Asfaltata;Verticale ed orizzontale;Sereno;Normale;Buona;Sufficiente;0;0;0;1;;;-1;1;Autovettura privata;In marcia / fermata / arresto;Conducente;M;Illeso;0;;Utilizzato;Inesploso
1720177;7;13/04/2007 19:50;Strada Urbana;PIAZZA DEI GERANI;all'intersezione con;VIALE DELLE GARDENIE;VIALE DELLE GARDENIE;;;Scontro frontale/laterale DX fra veicoli in marcia;Incrocio;Una carreggiata a doppio senso;Asciutto;Asfaltata;Verticale ed orizzontale;Sereno;Scarso;Sufficiente;Sufficiente;1;0;0;1;;;-1;1;Autovettura privata;In marcia / fermata / arresto;Conducente;M;Illeso;0;;Non accertato;Inesistente
1720177;7;13/04/2007 19:50;Strada Urbana;PIAZZA DEI GERANI;all'intersezione con;VIALE DELLE GARDENIE;VIALE DELLE GARDENIE;;;Scontro frontale/laterale DX fra veicoli in marcia;Incrocio;Una carreggiata a doppio senso;Asciutto;Asfaltata;Verticale ed orizzontale;Sereno;Scarso;Sufficiente;Sufficiente;1;0;0;1;;;-1;2;Motociclo a solo;In marcia / fermata / arresto;Conducente;M;Rimandato;0;NON DECEDUTO;Non accertato;Inesistente
1720178;7;14/04/2007 07:20;Strada Urbana;LARGO GIROLAMO COCCONI;all'intersezione con;VIA VINCENZO CESATI;VIA VINCENZO CESATI;;;Scontro frontale/laterale SX fra veicoli in marcia;Incrocio;Due carreggiate;Asciutto;Asfaltata;Verticale ed orizzontale;Sereno;Normale;Buona;Ore Diurne;0;0;0;2;;;-1;1;Autocarro inferiore 35 q.;In marcia / fermata / arresto;Conducente;M;Illeso;0;;Utilizzato;Inesploso
1720178;7;14/04/2007 07:20;Strada Urbana;LARGO GIROLAMO COCCONI;all'intersezione con;VIA VINCENZO CESATI;VIA VINCENZO CESATI;;;Scontro frontale/laterale SX fra veicoli in marcia;Incrocio;Due carreggiate;Asciutto;Asfaltata;Verticale ed orizzontale;Sereno;Normale;Buona;Ore Diurne;0;0;0;2;;;-1;2;Autocarro inferiore 35 q.;In marcia / fermata / arresto;Conducente;M;Illeso;0;;Utilizzato;Inesistente
1720179;7;14/04/2007 09:00;Strada Urbana;VIA DI TOR TRE TESTE;in prossimità;;del civico n. ;216;;Scontro frontale/laterale SX fra veicoli in marcia;Rettilineo;Una carreggiata a doppio senso;Asciutto;Asfaltata;Orizzontale;Sereno;Normale;Buona;Ore Diurne;2;0;0;1;;;-1;1;Autovettura privata;In marcia / fermata / arresto;Conducente;F;Rimandato;0;NON DECEDUTO;Utilizzato;Inesistente
1720179;7;14/04/2007 09:00;Strada Urbana;VIA DI TOR TRE TESTE;in prossimità;;del civico n. ;216;;Scontro frontale/laterale SX fra veicoli in marcia;Rettilineo;Una carreggiata a doppio senso;Asciutto;Asfaltata;Orizzontale;Sereno;Normale;Buona;Ore Diurne;2;0;0;1;;;-1;2;Autocarro inferiore 35 q.;In marcia / fermata / arresto;Conducente;M;Rimandato;0;NON DECEDUTO;Utilizzato;Inesploso
1720179;7;14/04/2007 09:00;Strada Urbana;VIA DI TOR TRE TESTE;in prossimità;;del civico n. ;216;;Scontro frontale/laterale SX fra veicoli in marcia;Rettilineo;Una carreggiata a doppio senso;Asciutto;Asfaltata;Orizzontale;Sereno;Normale;Buona;Ore Diurne;2;0;0;1;;;-1;2;Autocarro inferiore 35 q.;In marcia / fermata / arresto;Passeggero;F;Illeso;0;;Utilizzato;Inesploso
1720180;7;14/04/2007 10:50;Strada Urbana;VIA FRANCESCO TOVAGLIERI;all'intersezione con;VIA VITTORIO OLCESE;VIA VITTORIO OLCESE;;;Investimento di pedone;Incrocio;Una carreggiata a doppio senso;Asciutto;Asfaltata;Verticale ed orizzontale;Sereno;Normale;Buona;Ore Diurne;0;0;0;2;;;-1;;;;Pedone sconosciuto;M;Illeso;0;;;
1720180;7;14/04/2007 10:50;Strada Urbana;VIA FRANCESCO TOVAGLIERI;all'intersezione con;VIA VITTORIO OLCESE;VIA VITTORIO OLCESE;;;Investimento di pedone;Incrocio;Una carreggiata a doppio senso;Asciutto;Asfaltata;Verticale ed orizzontale;Sereno;Normale;Buona;Ore Diurne;0;0;0;2;;;-1;1;Autovettura privata;In marcia / fermata / arresto;Conducente;F;Illeso;0;;Non accertato;Inesploso
1720181;7;15/04/2007 11:15;Strada Urbana;VIA DEI CASTANI;in corrispondenza;;del civico n. ;15/B;;Investimento di pedone;Rettilineo;Una carreggiata a doppio senso;Asciutto;Asfaltata;Orizzontale;Sereno;Intenso;Buona;Ore Diurne;1;0;0;0;;;-1;;;;Pedone;M;Rimandato;0;NON DECEDUTO;;
1720182;7;15/04/2007 13:00;Strada Urbana;VIA DELLE SUSINE;all'intersezione con;VIA DEL PERGOLATO;VIA DEL PERGOLATO;;;Scontro laterale fra veicoli in marcia;Intersezione non regolata/non segnalata;Una carreggiata a doppio senso;Asciutto;Asfaltata;Assente;Sereno;Scarso;Buona;Ore Diurne;0;0;0;2;;;-1;1;Autovettura privata;In marcia / fermata / arresto;Conducente;M;Illeso;0;;Utilizzato;Inesploso
1720182;7;15/04/2007 13:00;Strada Urbana;VIA DELLE SUSINE;all'intersezione con;VIA DEL PERGOLATO;VIA DEL PERGOLATO;;;Scontro laterale fra veicoli in marcia;Intersezione non regolata/non segnalata;Una carreggiata a doppio senso;Asciutto;Asfaltata;Assente;Sereno;Scarso;Buona;Ore Diurne;0;0;0;2;;;-1;2;Autovettura privata;In marcia / fermata / arresto;Conducente;M;Illeso;0;;Utilizzato;Inesploso
1720183;7;15/04/2007 13:15;Strada Urbana;VIA DEI CASTANI;all'intersezione con;VIA DELLE ROBINIE;VIA DELLE ROBINIE;;;Scontro frontale/laterale DX fra veicoli in marcia;Incrocio;Una carreggiata a doppio senso;Asciutto;Asfaltata;Verticale ed orizzontale;Sereno;Scarso;Buona;Ore Diurne;1;0;0;1;;;-1;1;Autovettura privata;In marcia / fermata / arresto;Conducente;M;Illeso;0;;Non accertato;Inesistente
1720183;7;15/04/2007 13:15;Strada Urbana;VIA DEI CASTANI;all'intersezione con;VIA DELLE ROBINIE;VIA DELLE ROBINIE;;;Scontro frontale/laterale DX fra veicoli in marcia;Incrocio;Una carreggiata a doppio senso;Asciutto;Asfaltata;Verticale ed orizzontale;Sereno;Scarso;Buona;Ore Diurne;1;0;0;1;;;-1;2;Motociclo a solo;In marcia / fermata / arresto;Conducente;M;Ricoverato;0;NON DECEDUTO;Non accertato;Inesistente
1720184;7;15/04/2007 14:50;Strada Urbana;VIA FERENTINO;all'intersezione con;VIA PALIANO;VIA PALIANO;;;Scontro frontale/laterale DX fra veicoli in marcia;Incrocio;Una carreggiata a senso unico di marcia;Asciutto;Asfaltata;Verticale ed orizzontale;Sereno;Scarso;Buona;Ore Diurne;1;0;0;1;;;-1;1;Autovettura privata;In marcia / fermata / arresto;Conducente;M;Illeso;0;;Non accertato;Inesistente
1720184;7;15/04/2007 14:50;Strada Urbana;VIA FERENTINO;all'intersezione con;VIA PALIANO;VIA PALIANO;;;Scontro frontale/laterale DX fra veicoli in marcia;Incrocio;Una carreggiata a senso unico di marcia;Asciutto;Asfaltata;Verticale ed orizzontale;Sereno;Scarso;Buona;Ore Diurne;1;0;0;1;;;-1;2;Motociclo a solo;In marcia / fermata / arresto;Conducente;M;Rimandato;0;NON DECEDUTO;Non accertato;Inesistente
1720185;7;15/04/2007 15:15;Strada Urbana;VIA PRENESTINA;in corrispondenza;;del civico n. ;1074;;Tamponamento;Rettilineo;Una carreggiata a doppio senso;Asciutto;Asfaltata;Assente;Sereno;Scarso;Buona;Ore Diurne;0;0;0;2;;;-1;1;Autovettura privata;In marcia / fermata / arresto;Conducente;M;Illeso;0;;Non accertato;Inesistente
1720185;7;15/04/2007 15:15;Strada Urbana;VIA PRENESTINA;in corrispondenza;;del civico n. ;1074;;Tamponamento;Rettilineo;Una carreggiata a doppio senso;Asciutto;Asfaltata;Assente;Sereno;Scarso;Buona;Ore Diurne;0;0;0;2;;;-1;2;Motociclo a solo;In marcia / fermata / arresto;Conducente;M;Illeso;0;;Non accertato;Inesistente
1720186;7;15/04/2007 22:30;Strada Urbana;VIA ANTONIO TEMPESTA;all'intersezione con;VIA AUGUSTO DULCERI;VIA AUGUSTO DULCERI;;;Scontro frontale/laterale DX fra veicoli in marcia;Incrocio;Una carreggiata a senso unico di marcia;Asciutto;Asfaltata;Verticale;Sereno;Scarso;Buona;Sufficiente;2;0;0;0;;;-1;1;Autovettura privata;In marcia / fermata / arresto;Conducente;M;Rimandato;0;NON DECEDUTO;Utilizzato;Inesploso