Protocollo;Gruppo;DataOraIncidente;Localizzazione1;STRADA1;Localizzazione2;STRADA2;Strada02;Chilometrica;DaSpecificare;NaturaIncidente;particolaritastrade;TipoStrada;FondoStradale;Pavimentazione;Segnaletica;CondizioneAtmosferica;Traffico;Visibilita;Illuminazione;NUM_FERITI;NUM_RISERVATA;NUM_MORTI;NUM_ILLESI;Longitudine;Latitudine;Confermato;Progressivo;TipoVeicolo;StatoVeicolo;TipoPersona;Sesso;Tipolesione;Deceduto;DecedutoDopo;CinturaCascoUtilizzato;Airbag
1720869;15;20/04/2007 09:20;Strada Urbana;VIA DELLE VIGNE;in prossimità;;del civico n. ;86;;Scontro laterale fra veicoli in marcia;Rettilineo;Una carreggiata a doppio senso;Asciutto;Asfaltata;Orizzontale;Sereno;Scarso;Buona;Ore Diurne;0;0;0;2;;;-1;2;Autocarro inferiore 35 q.;In marcia / fermata / arresto;Conducente;M;Illeso;0;;Non accertato;Inesistente
1720870;15;20/04/2007 08:10;Strada Urbana;VIALE GUGLIELMO MARCONI;all'intersezione semaforizzata con;PONTE GUGLIELMO MARCONI;PONTE GUGLIELMO MARCONI;;;Scontro laterale fra veicoli in marcia;Intersezione semaforizzata;Una carreggiata a doppio senso;Asciutto;Asfaltata;Verticale ed orizzontale;Sereno;Normale;Buona;Ore Diurne;1;0;0;2;;;-1;1;Autocarro superiore 35 q.;In marcia / fermata / arresto;Conducente;M;Illeso;0;;Utilizzato;Inesistente
1720870;15;20/04/2007 08:10;Strada Urbana;VIALE GUGLIELMO MARCONI;all'intersezione semaforizzata con;PONTE GUGLIELMO MARCONI;PONTE GUGLIELMO MARCONI;;;Scontro laterale fra veicoli in marcia;Intersezione semaforizzata;Una carreggiata a doppio senso;Asciutto;Asfaltata;Verticale ed orizzontale;Sereno;Normale;Buona;Ore Diurne;1;0;0;2;;;-1;2;Autovettura privata;In marcia / fermata / arresto;Conducente;F;Illeso;0;;Utilizzato;Inesistente
1720870;15;20/04/2007 08:10;Strada Urbana;VIALE GUGLIELMO MARCONI;all'intersezione semaforizzata con;PONTE GUGLIELMO MARCONI;PONTE GUGLIELMO MARCONI;;;Scontro laterale fra veicoli in marcia;Intersezione semaforizzata;Una carreggiata a doppio senso;Asciutto;Asfaltata;Verticale ed orizzontale;Sereno;Normale;Buona;Ore Diurne;1;0;0;2;;;-1;3;Motociclo a solo;In marcia / fermata / arresto;Conducente;M;Rimandato;0;NON DECEDUTO;Utilizzato;Inesistente
1720871;15;20/04/2007 11:55;Provinciale;VIA PORTUENSE;all'intersezione con;VIALE ALEXANDRE G. EIFFEL;VIALE ALEXANDRE G. EIFFEL;;;Veicolo in marcia contro ostacolo fisso;Incrocio;Una carreggiata a senso unico di marcia;Asciutto;Asfaltata;Assente;Sereno;Normale;Buona;Ore Diurne;0;0;0;1;;;-1;1;Motociclo a solo;In marcia / fermata / arresto;Conducente;M;Illeso;0;;Utilizzato;Inesistente
1720872;16;06/04/2007 16:20;Strada Urbana;VIA ETTORE ROLLI;in prossimità;;del civico n. ;46;;Tamponamento;Rettilineo;Una carreggiata a doppio senso;Asciutto;Asfaltata;Orizzontale;Sereno;Normale;Buona;Ore Diurne;0;0;0;3;;;-1;1;Autovettura privata;In marcia / fermata / arresto;Passeggero;F;Illeso;0;;Non accertato;Inesistente
1720872;16;06/04/2007 16:20;Strada Urbana;VIA ETTORE ROLLI;in prossimità;;del civico n. ;46;;Tamponamento;Rettilineo;Una carreggiata a doppio senso;Asciutto;Asfaltata;Orizzontale;Sereno;Normale;Buona;Ore Diurne;0;0;0;3;;;-1;1;Autovettura privata;In marcia / fermata / arresto;Conducente;M;Illeso;0;;Non accertato;Inesistente
1720872;16;06/04/2007 16:20;Strada Urbana;VIA ETTORE ROLLI;in prossimità;;del civico n. ;46;;Tamponamento;Rettilineo;Una carreggiata a doppio senso;Asciutto;Asfaltata;Orizzontale;Sereno;Normale;Buona;Ore Diurne;0;0;0;3;;;-1;2;Motocarro;In marcia / fermata / arresto;Conducente;M;Illeso;0;;Non accertato;Inesistente
1720878;18;19/04/2007 18:30;Strada Urbana;VIA DI BOCCEA;in prossimità;;del civico n. ;282;;Ribaltamento senza urto contro ostacolo fisso;Rettilineo;Una carreggiata a doppio senso;Asciutto;Asfaltata;Orizzontale;Sereno;Intenso;Buona;Ore Diurne;2;0;0;0;;;-1;1;Motociclo a solo;In marcia / fermata / arresto;Conducente;M;Rimandato;0;NON DECEDUTO;Utilizzato;Inesistente
1720878;18;19/04/2007 18:30;Strada Urbana;VIA DI BOCCEA;in prossimità;;del civico n. ;282;;Ribaltamento senza urto contro ostacolo fisso;Rettilineo;Una carreggiata a doppio senso;Asciutto;Asfaltata;Orizzontale;Sereno;Intenso;Buona;Ore Diurne;2;0;0;0;;;-1;1;Motociclo a solo;In marcia / fermata / arresto;Passeggero;F;Rimandato;0;NON DECEDUTO;Non accertato;Inesistente
1720879;18;20/04/2007 11:00;Strada Urbana;CIRCONVALLAZIONE CORNELIA;all'intersezione con;LARGO ALESSANDRO CARAVILLANI;LARGO ALESSANDRO CARAVILLANI;;;Scontro frontale/laterale SX fra veicoli in marcia;Incrocio;Più di due carreggiate;Asciutto;Asfaltata;Verticale ed orizzontale;Sereno;Normale;Buona;Ore Diurne;0;0;0;4;;;-1;1;Autovettura privata;In marcia / fermata / arresto;Conducente;M;Illeso;0;;Non accertato;Inesploso
1720879;18;20/04/2007 11:00;Strada Urbana;CIRCONVALLAZIONE CORNELIA;all'intersezione con;LARGO ALESSANDRO CARAVILLANI;LARGO ALESSANDRO CARAVILLANI;;;Scontro frontale/laterale SX fra veicoli in marcia;Incrocio;Più di due carreggiate;Asciutto;Asfaltata;Verticale ed orizzontale;Sereno;Normale;Buona;Ore Diurne;0;0;0;4;;;-1;1;Autovettura privata;In marcia / fermata / arresto;Passeggero;F;Illeso;0;;Non accertato;Inesploso
1720879;18;20/04/2007 11:00;Strada Urbana;CIRCONVALLAZIONE CORNELIA;all'intersezione con;LARGO ALESSANDRO CARAVILLANI;LARGO ALESSANDRO CARAVILLANI;;;Scontro frontale/laterale SX fra veicoli in marcia;Incrocio;Più di due carreggiate;Asciutto;Asfaltata;Verticale ed orizzontale;Sereno;Normale;Buona;Ore Diurne;0;0;0;4;;;-1;2;Motociclo con passeggero;In marcia / fermata / arresto;Conducente;M;Illeso;0;;Utilizzato;Inesistente
1720879;18;20/04/2007 11:00;Strada Urbana;CIRCONVALLAZIONE CORNELIA;all'intersezione con;LARGO ALESSANDRO CARAVILLANI;LARGO ALESSANDRO CARAVILLANI;;;Scontro frontale/laterale SX fra veicoli in marcia;Incrocio;Più di due carreggiate;Asciutto;Asfaltata;Verticale ed orizzontale;Sereno;Normale;Buona;Ore Diurne;0;0;0;4;;;-1;2;Motociclo con passeggero;In marcia / fermata / arresto;Passeggero;F;Illeso;0;;Utilizzato;Inesistente
1720880;18;20/04/2007 12:50;Strada Urbana;VIA DELLE FORNACI;all'intersezione con;VIA DI S. MARIA ALLE FORNACI;VIA DI S. MARIA ALLE FORNACI;;;Scontro frontale/laterale SX fra veicoli in marcia;Intersezione non regolata/non segnalata;Una carreggiata a doppio senso;Asciutto;Asfaltata;Verticale ed orizzontale;Sereno;Normale;Buona;Ore Diurne;0;0;0;2;;;-1;1;Motociclo a solo;In marcia / fermata / arresto;Conducente;M;Illeso;0;;Non accertato;Inesistente
1720880;18;20/04/2007 12:50;Strada Urbana;VIA DELLE FORNACI;all'intersezione con;VIA DI S. MARIA ALLE FORNACI;VIA DI S. MARIA ALLE FORNACI;;;Scontro frontale/laterale SX fra veicoli in marcia;Intersezione non regolata/non segnalata;Una carreggiata a doppio senso;Asciutto;Asfaltata;Verticale ed orizzontale;Sereno;Normale;Buona;Ore Diurne;0;0;0;2;;;-1;2;Autovettura privata;In marcia / fermata / arresto;Conducente;M;Illeso;0;;Non accertato;Inesploso
1720881;18;20/04/2007 17:40;Strada Urbana;VIA DI BOCCEA;all'intersezione semaforizzata con;VIA NAZARETH;VIA NAZARETH;;;Tamponamento;Incrocio;Due carreggiate;Asciutto;Asfaltata;Verticale ed orizzontale;Sereno;Normale;Buona;Ore Diurne;0;0;0;4;;;-1;1;Autovettura privata;In marcia / fermata / arresto;Conducente;F;Illeso;0;;Non accertato;Inesploso
1720881;18;20/04/2007 17:40;Strada Urbana;VIA DI BOCCEA;all'intersezione semaforizzata con;VIA NAZARETH;VIA NAZARETH;;;Tamponamento;Incrocio;Due carreggiate;Asciutto;Asfaltata;Verticale ed orizzontale;Sereno;Normale;Buona;Ore Diurne;0;0;0;4;;;-1;1;Autovettura privata;In marcia / fermata / arresto;Passeggero;M;Illeso;0;;Non accertato;Inesploso
1720881;18;20/04/2007 17:40;Strada Urbana;VIA DI BOCCEA;all'intersezione semaforizzata con;VIA NAZARETH;VIA NAZARETH;;;Tamponamento;Incrocio;Due carreggiate;Asciutto;Asfaltata;Verticale ed orizzontale;Sereno;Normale;Buona;Ore Diurne;0;0;0;4;;;-1;1;Autovettura privata;In marcia / fermata / arresto;Passeggero;M;Illeso;0;;Non accertato;Inesistente
1720881;18;20/04/2007 17:40;Strada Urbana;VIA DI BOCCEA;all'intersezione semaforizzata con;VIA NAZARETH;VIA NAZARETH;;;Tamponamento;Incrocio;Due carreggiate;Asciutto;Asfaltata;Verticale ed orizzontale;Sereno;Normale;Buona;Ore Diurne;0;0;0;4;;;-1;2;Autovettura privata;In marcia / fermata / arresto;Conducente;M;Illeso;0;;Non accertato;Inesploso
1720882;18;21/04/2007 06:00;Strada Urbana;VIA DI CASAL SELCE;da specificare;;;;prossimità incrocio vecchia Via Aurelia;Veicolo in marcia contro ostacolo fisso;Curva a visuale libera;Una carreggiata a doppio senso;Asciutto;Asfaltata;Verticale ed orizzontale;Sereno;Scarso;Buona;Ore Diurne;0;0;0;2;;;-1;1;Autocarro inferiore 35 q.;In marcia / fermata / arresto;Conducente;M;Illeso;0;;Non accertato;Inesistente
1720882;18;21/04/2007 06:00;Strada Urbana;VIA DI CASAL SELCE;da specificare;;;;prossimità incrocio vecchia Via Aurelia;Veicolo in marcia contro ostacolo fisso;Curva a visuale libera;Una carreggiata a doppio senso;Asciutto;Asfaltata;Verticale ed orizzontale;Sereno;Scarso;Buona;Ore Diurne;0;0;0;2;;;-1;2;Autovettura privata;In marcia / fermata / arresto;Conducente;M;Illeso;0;;Non accertato;Inesistente
1720883;18;21/04/2007 11:10;Comunale extraurbana;VIA DI ACQUAFREDDA;da specificare;;;;in prossimità cavalcavia Aurelia;Scontro laterale fra veicoli in marcia;Curva senza visuale libera;Una carreggiata a doppio senso;Asciutto;Asfaltata;Verticale ed orizzontale;Sereno;Normale;Buona;Ore Diurne;1;0;0;1;;;-1;1;Autocarro inferiore 35 q.;In marcia / fermata / arresto;Conducente;M;Illeso;0;;Non accertato;Inesistente
1720883;18;21/04/2007 11:10;Comunale extraurbana;VIA DI ACQUAFREDDA;da specificare;;;;in prossimità cavalcavia Aurelia;Scontro laterale fra veicoli in marcia;Curva senza visuale libera;Una carreggiata a doppio senso;Asciutto;Asfaltata;Verticale ed orizzontale;Sereno;Normale;Buona;Ore Diurne;1;0;0;1;;;-1;2;Motociclo a solo;In marcia / fermata / arresto;Conducente;M;Rimandato;0;NON DECEDUTO;Non accertato;Inesistente
1720884;19;20/04/2007 10:00;Strada Urbana;VIA DI TORREVECCHIA;all'intersezione con;VIA CARLO LIVI;VIA CARLO LIVI;;;Infortunio per caduta del veicolo;Incrocio;Una carreggiata a senso unico di marcia;Asciutto;Asfaltata;Verticale ed orizzontale;Sereno;Normale;Buona;Ore Diurne;0;0;0;2;;;-1;1;Autovettura privata;In marcia / fermata / arresto;Conducente;M;Illeso;0;;Utilizzato;Inesploso
1720884;19;20/04/2007 10:00;Strada Urbana;VIA DI TORREVECCHIA;all'intersezione con;VIA CARLO LIVI;VIA CARLO LIVI;;;Infortunio per caduta del veicolo;Incrocio;Una carreggiata a senso unico di marcia;Asciutto;Asfaltata;Verticale ed orizzontale;Sereno;Normale;Buona;Ore Diurne;0;0;0;2;;;-1;2;Motociclo a solo;In marcia / fermata / arresto;Conducente;M;Illeso;0;;Utilizzato;Inesistente
1720885;1;20/04/2007 17:55;Strada Urbana;VIALE AVENTINO;all'intersezione con;VIA AVENTINA;VIA AVENTINA;;;Scontro frontale/laterale DX fra veicoli in marcia;Incrocio;Una carreggiata a senso unico di marcia;Asciutto;Acciotolata;Verticale ed orizzontale;Sereno;Intenso;Buona;Ore Diurne;0;1;0;3;;;-1;1;Motociclo a solo;In marcia / fermata / arresto;Conducente;M;Prognosi riservata;0;NON DECEDUTO;Utilizzato;Inesistente
1720885;1;20/04/2007 17:55;Strada Urbana;VIALE AVENTINO;all'intersezione con;VIA AVENTINA;VIA AVENTINA;;;Scontro frontale/laterale DX fra veicoli in marcia;Incrocio;Una carreggiata a senso unico di marcia;Asciutto;Acciotolata;Verticale ed orizzontale;Sereno;Intenso;Buona;Ore Diurne;0;1;0;3;;;-1;2;Autovettura privata;In marcia / fermata / arresto;Conducente;F;Illeso;0;;Utilizzato;Inesploso
1720885;1;20/04/2007 17:55;Strada Urbana;VIALE AVENTINO;all'intersezione con;VIA AVENTINA;VIA AVENTINA;;;Scontro frontale/laterale DX fra veicoli in marcia;Incrocio;Una carreggiata a senso unico di marcia;Asciutto;Acciotolata;Verticale ed orizzontale;Sereno;Intenso;Buona;Ore Diurne;0;1;0;3;;;-1;2;Autovettura privata;In marcia / fermata / arresto;Passeggero;M;Illeso;0;;Utilizzato;Inesistente
1720885;1;20/04/2007 17:55;Strada Urbana;VIALE AVENTINO;all'intersezione con;VIA AVENTINA;VIA AVENTINA;;;Scontro frontale/laterale DX fra veicoli in marcia;Incrocio;Una carreggiata a senso unico di marcia;Asciutto;Acciotolata;Verticale ed orizzontale;Sereno;Intenso;Buona;Ore Diurne;0;1;0;3;;;-1;3;Autovettura privata;In marcia / fermata / arresto;Conducente;M;Illeso;0;;Utilizzato;Esploso
1720886;2;20/04/2007 01:00;Strada Urbana;LUNGOTEVERE DELLE NAVI;in prossimità;;del palo luce n. ;3;;Tamponamento;Rettilineo;Una carreggiata a senso unico di marcia;Asciutto;Asfaltata;Assente;Sereno;Scarso;Buona;Sufficiente;0;0;0;3;;;-1;1;Autovettura privata;In marcia / fermata / arresto;Conducente;F;Illeso;0;;Non accertato;Inesistente
1720886;2;20/04/2007 01:00;Strada Urbana;LUNGOTEVERE DELLE NAVI;in prossimità;;del palo luce n. ;3;;Tamponamento;Rettilineo;Una carreggiata a senso unico di marcia;Asciutto;Asfaltata;Assente;Sereno;Scarso;Buona;Sufficiente;0;0;0;3;;;-1;1;Autovettura privata;In marcia / fermata / arresto;Passeggero;M;Illeso;0;;Non accertato;Inesistente
1720886;2;20/04/2007 01:00;Strada Urbana;LUNGOTEVERE DELLE NAVI;in prossimità;;del palo luce n. ;3;;Tamponamento;Rettilineo;Una carreggiata a senso unico di marcia;Asciutto;Asfaltata;Assente;Sereno;Scarso;Buona;Sufficiente;0;0;0;3;;;-1;2;Autovettura privata;In marcia / fermata / arresto;Conducente;M;Illeso;0;;Non accertato;Inesistente
1720887;2;20/04/2007 13:50;Strada Urbana;PIAZZA ISTRIA;all'intersezione semaforizzata con;VIA BISAGNO;VIA BISAGNO;;;Veicolo in marcia contro ostacolo accidentale;Incrocio;Due carreggiate;Viscido da liquidi oleosi;Asfaltata;Verticale ed orizzontale;Sereno;Normale;Buona;Ore Diurne;1;0;0;0;;;-1;1;Motociclo a solo;In marcia / fermata / arresto;Conducente;F;Rimandato;0;NON DECEDUTO;Non accertato;Inesistente
1720888;2;20/04/2007 14:10;Strada Urbana;LUNGOTEVERE FLAMINIO;in corrispondenza;;del civico n. ;46;;Scontro frontale/laterale SX fra veicoli in marcia;Rettilineo;Una carreggiata a doppio senso;Asciutto;Asfaltata;Verticale ed orizzontale;Sereno;Normale;Buona;Ore Diurne;1;0;0;3;;;-1;1;Motociclo a solo;In marcia / fermata / arresto;Conducente;M;Rifiuta cure immediate;0;NON DECEDUTO;Non accertato;Inesistente
1720888;2;20/04/2007 14:10;Strada Urbana;LUNGOTEVERE FLAMINIO;in corrispondenza;;del civico n. ;46;;Scontro frontale/laterale SX fra veicoli in marcia;Rettilineo;Una carreggiata a doppio senso;Asciutto;Asfaltata;Verticale ed orizzontale;Sereno;Normale;Buona;Ore Diurne;1;0;0;3;;;-1;2;Autovettura di polizia;In marcia / fermata / arresto;Conducente;M;Illeso;0;;Non accertato;Inesistente
1720888;2;20/04/2007 14:10;Strada Urbana;LUNGOTEVERE FLAMINIO;in corrispondenza;;del civico n. ;46;;Scontro frontale/laterale SX fra veicoli in marcia;Rettilineo;Una carreggiata a doppio senso;Asciutto;Asfaltata;Verticale ed orizzontale;Sereno;Normale;Buona;Ore Diurne;1;0;0;3;;;-1;2;Autovettura di polizia;In marcia / fermata / arresto;Passeggero;M;Illeso;0;;Non accertato;Inesistente
1720888;2;20/04/2007 14:10;Strada Urbana;LUNGOTEVERE FLAMINIO;in corrispondenza;;del civico n. ;46;;Scontro frontale/laterale SX fra veicoli in marcia;Rettilineo;Una carreggiata a doppio senso;Asciutto;Asfaltata;Verticale ed orizzontale;Sereno;Normale;Buona;Ore Diurne;1;0;0;3;;;-1;3;Autovettura di polizia;In marcia / fermata / arresto;Conducente;M;Illeso;0;;Non accertato;Inesistente
1720889;2;20/04/2007 15:00;Strada Urbana;PIAZZA DI S. EMERENZIANA;all'intersezione semaforizzata con;VIALE ERITREA;VIALE ERITREA;;;Tamponamento;Intersezione semaforizzata;Una carreggiata a senso unico di marcia;Asciutto;Asfaltata;Verticale;Sereno;Normale;Buona;Ore Diurne;0;0;0;3;;;-1;1;Autovettura privata;In marcia / fermata / arresto;Conducente;M;Illeso;0;;Non accertato;Inesistente
1720889;2;20/04/2007 15:00;Strada Urbana;PIAZZA DI S. EMERENZIANA;all'intersezione semaforizzata con;VIALE ERITREA;VIALE ERITREA;;;Tamponamento;Intersezione semaforizzata;Una carreggiata a senso unico di marcia;Asciutto;Asfaltata;Verticale;Sereno;Normale;Buona;Ore Diurne;0;0;0;3;;;-1;1;Autovettura privata;In marcia / fermata / arresto;Passeggero;M;Illeso;0;;Non accertato;Inesistente
1720889;2;20/04/2007 15:00;Strada Urbana;PIAZZA DI S. EMERENZIANA;all'intersezione semaforizzata con;VIALE ERITREA;VIALE ERITREA;;;Tamponamento;Intersezione semaforizzata;Una carreggiata a senso unico di marcia;Asciutto;Asfaltata;Verticale;Sereno;Normale;Buona;Ore Diurne;0;0;0;3;;;-1;2;Autocarro inferiore 35 q.;In marcia / fermata / arresto;Conducente;M;Illeso;0;;Non accertato;Inesistente
1720890;2;20/04/2007 18:10;Strada Urbana;VIA FLAMINIA;all'intersezione semaforizzata con;VIA LUIGI CANINA;VIA LUIGI CANINA;;;Scontro laterale fra veicoli in marcia;Intersezione semaforizzata;Una carreggiata a senso unico di marcia;Asciutto;Asfaltata;Verticale ed orizzontale;Sereno;Normale;Buona;Ore Diurne;1;0;0;1;;;-1;1;Autovettura privata;In marcia / fermata / arresto;Conducente;M;Illeso;0;;Non accertato;Inesistente
1720890;2;20/04/2007 18:10;Strada Urbana;VIA FLAMINIA;all'intersezione semaforizzata con;VIA LUIGI CANINA;VIA LUIGI CANINA;;;Scontro laterale fra veicoli in marcia;Intersezione semaforizzata;Una carreggiata a senso unico di marcia;Asciutto;Asfaltata;Verticale ed orizzontale;Sereno;Normale;Buona;Ore Diurne;1;0;0;1;;;-1;2;Motociclo a solo;In marcia / fermata / arresto;Conducente;M;Rimandato;0;NON DECEDUTO;Non accertato;Inesistente
1720891;2;21/04/2007 12:30;Strada Urbana;LARGO GIUSEPPE TARTINI;all'intersezione semaforizzata con;VIA RUGGERO GIOVANNELLI;VIA RUGGERO GIOVANNELLI;;;Scontro frontale/laterale SX fra veicoli in marcia;Intersezione semaforizzata;Una carreggiata a doppio senso;Asciutto;Asfaltata;Orizzontale;Sereno;Scarso;Buona;Ore Diurne;1;0;0;2;;;-1;1;Autovettura privata;In marcia / fermata / arresto;Conducente;M;Illeso;0;;Non accertato;Inesistente
1720891;2;21/04/2007 12:30;Strada Urbana;LARGO GIUSEPPE TARTINI;all'intersezione semaforizzata con;VIA RUGGERO GIOVANNELLI;VIA RUGGERO GIOVANNELLI;;;Scontro frontale/laterale SX fra veicoli in marcia;Intersezione semaforizzata;Una carreggiata a doppio senso;Asciutto;Asfaltata;Orizzontale;Sereno;Scarso;Buona;Ore Diurne;1;0;0;2;;;-1;1;Autovettura privata;In marcia / fermata / arresto;Passeggero;M;Illeso;0;;Non accertato;Inesistente
1720891;2;21/04/2007 12:30;Strada Urbana;LARGO GIUSEPPE TARTINI;all'intersezione semaforizzata con;VIA RUGGERO GIOVANNELLI;VIA RUGGERO GIOVANNELLI;;;Scontro frontale/laterale SX fra veicoli in marcia;Intersezione semaforizzata;Una carreggiata a doppio senso;Asciutto;Asfaltata;Orizzontale;Sereno;Scarso;Buona;Ore Diurne;1;0;0;2;;;-1;2;Motociclo a solo;In marcia / fermata / arresto;Conducente;M;Rimandato;0;NON DECEDUTO;Non accertato;Inesistente
1720892;2;21/04/2007 16:05;Strada Urbana;LUNGOTEVERE GRANDE A.GLIO THAON DI REVEL;all'intersezione semaforizzata con;VIA MARTINO LONGHI;VIA MARTINO LONGHI;;;Investimento di pedone;Intersezione semaforizzata;Due carreggiate;Asciutto;Asfaltata;Verticale ed orizzontale;Sereno;Scarso;Buona;Ore Diurne;2;0;0;0;;;-1;;;;Pedone;M;Ricoverato;0;NON DECEDUTO;;
1720892;2;21/04/2007 16:05;Strada Urbana;LUNGOTEVERE GRANDE A.GLIO THAON DI REVEL;all'intersezione semaforizzata con;VIA MARTINO LONGHI;VIA MARTINO LONGHI;;;Investimento di pedone;Intersezione semaforizzata;Due carreggiate;Asciutto;Asfaltata;Verticale ed orizzontale;Sereno;Scarso;Buona;Ore Diurne;2;0;0;0;;;-1;1;Autobus urbano;In marcia / fermata / arresto;Conducente;M;Rimandato;0;NON DECEDUTO;Non accertato;Inesistente
1720894;8;21/04/2007 11:30;Strada Urbana;VIA CASTIGLIONE MESSER MARINO;da specificare;;;;A CIRCA 100 MT DA VIA ORTONA DE' MARSI;Veicolo in marcia contro ostacolo accidentale;Rettilineo;Una carreggiata a doppio senso;Sdrucciolevole (terriccio);Strada pavimentata dissestata;Assente;Sereno;Scarso;Sufficiente;Ore Diurne;1;0;0;0;;;-1;1;Velocipede;In marcia / fermata / arresto;Conducente;M;Rimandato;0;NON DECEDUTO;Esente;Inesistente
1720895;8;21/04/2007 16:30;Strada Urbana;VIALE DEI ROMANISTI;all'intersezione semaforizzata con;VIA PIETRO ROMANO;VIA PIETRO ROMANO;;;Scontro frontale/laterale DX fra veicoli in marcia;Incrocio;Due carreggiate;Asciutto;Asfaltata;Verticale ed orizzontale;Sereno;Normale;Sufficiente;Ore Diurne;1;0;0;2;;;-1;1;Autovettura privata;In marcia / fermata / arresto;Conducente;M;Illeso;0;;Non accertato;Inesistente
1720895;8;21/04/2007 16:30;Strada Urbana;VIALE DEI ROMANISTI;all'intersezione semaforizzata con;VIA PIETRO ROMANO;VIA PIETRO ROMANO;;;Scontro frontale/laterale DX fra veicoli in marcia;Incrocio;Due carreggiate;Asciutto;Asfaltata;Verticale ed orizzontale;Sereno;Normale;Sufficiente;Ore Diurne;1;0;0;2;;;-1;1;Autovettura privata;In marcia / fermata / arresto;Passeggero;F;Rimandato;0;NON DECEDUTO;Non accertato;Inesistente
1720895;8;21/04/2007 16:30;Strada Urbana;VIALE DEI ROMANISTI;all'intersezione semaforizzata con;VIA PIETRO ROMANO;VIA PIETRO ROMANO;;;Scontro frontale/laterale DX fra veicoli in marcia;Incrocio;Due carreggiate;Asciutto;Asfaltata;Verticale ed orizzontale;Sereno;Normale;Sufficiente;Ore Diurne;1;0;0;2;;;-1;2;Autovettura privata;In marcia / fermata / arresto;Conducente;M;Illeso;0;;Non accertato;Inesploso
1720896;20;19/04/2007 07:10;Statale entro l'abitato;VIA FLAMINIA;da specificare;;;;alla confluenza conrampa gra direzione Roma;Scontro laterale fra veicoli in marcia;Rettilineo;Più di due carreggiate;Asciutto;Asfaltata;Verticale ed orizzontale;Sereno;Intenso;Buona;Ore Diurne;0;0;0;1;;;-1;1;Autovettura privata;In marcia / fermata / arresto;Conducente;F;Illeso;0;;Non accertato;Inesistente
1720897;20;19/04/2007 17:00;Statale entro l'abitato;VIA CASSIA;in corrispondenza;;del civico n. ;931;;Scontro frontale/laterale DX fra veicoli in marcia;Rettilineo;Una carreggiata a doppio senso;Asciutto;Asfaltata;Orizzontale;Sereno;Intenso;Buona;Ore Diurne;1;0;0;3;;;-1;1;Ciclomotore;In marcia / fermata / arresto;Conducente;F;Rimandato;0;NON DECEDUTO;Non accertato;Inesistente
1720897;20;19/04/2007 17:00;Statale entro l'abitato;VIA CASSIA;in corrispondenza;;del civico n. ;931;;Scontro frontale/laterale DX fra veicoli in marcia;Rettilineo;Una carreggiata a doppio senso;Asciutto;Asfaltata;Orizzontale;Sereno;Intenso;Buona;Ore Diurne;1;0;0;3;;;-1;1;Ciclomotore;In marcia / fermata / arresto;Passeggero;F;Illeso;0;;Non accertato;Inesistente
1720897;20;19/04/2007 17:00;Statale entro l'abitato;VIA CASSIA;in corrispondenza;;del civico n. ;931;;Scontro frontale/laterale DX fra veicoli in marcia;Rettilineo;Una carreggiata a doppio senso;Asciutto;Asfaltata;Orizzontale;Sereno;Intenso;Buona;Ore Diurne;1;0;0;3;;;-1;2;Quadriciclo leggero;In marcia / fermata / arresto;Conducente;M;Illeso;0;;Non accertato;Inesistente
1720897;20;19/04/2007 17:00;Statale entro l'abitato;VIA CASSIA;in corrispondenza;;del civico n. ;931;;Scontro frontale/laterale DX fra veicoli in marcia;Rettilineo;Una carreggiata a doppio senso;Asciutto;Asfaltata;Orizzontale;Sereno;Intenso;Buona;Ore Diurne;1;0;0;3;;;-1;2;Quadriciclo leggero;In marcia / fermata / arresto;Passeggero;M;Illeso;0;;Non accertato;Inesistente
1720898;20;20/04/2007 07:30;Strada Urbana;VIALE DI TOR DI QUINTO;in prossimità;;del palo luce n. ;114;;Veicolo in marcia contro ostacolo fisso;Curva senza visuale libera;Due carreggiate;Asciutto;Asfaltata;Orizzontale;Sereno;Normale;Buona;Ore Diurne;1;0;0;0;;;-1;1;Autovettura privata;In marcia / fermata / arresto;Conducente;F;Ricoverato;0;NON DECEDUTO;Non accertato;Inesistente
1720899;20;20/04/2007 10:30;Strada Urbana;VIA GIUSEPPE CANNATA;in corrispondenza;;del palo luce n. ;6;;Scontro laterale fra veicoli in marcia;Rettilineo;Una carreggiata a doppio senso;Asciutto;Asfaltata;Assente;Sereno;Normale;Buona;Ore Diurne;0;0;0;2;;;-1;1;Autovettura privata;In marcia / fermata / arresto;Conducente;M;Illeso;0;;Non accertato;Inesistente
1720899;20;20/04/2007 10:30;Strada Urbana;VIA GIUSEPPE CANNATA;in corrispondenza;;del palo luce n. ;6;;Scontro laterale fra veicoli in marcia;Rettilineo;Una carreggiata a doppio senso;Asciutto;Asfaltata;Assente;Sereno;Normale;Buona;Ore Diurne;0;0;0;2;;;-1;2;Autovettura privata;In marcia / fermata / arresto;Conducente;M;Illeso;0;;Non accertato;Inesistente
1720900;20;20/04/2007 17:45;Provinciale entro l'abitato;VIA FLAMINIA NUOVA;in corrispondenza;;del civico n. ;280;;Scontro frontale/laterale DX fra veicoli in marcia;Rettilineo;Una carreggiata a doppio senso;Asciutto;Asfaltata;Verticale ed orizzontale;Sereno;Intenso;Buona;Ore Diurne;0;0;0;2;;;-1;1;Autovettura privata;In marcia / fermata / arresto;Conducente;M;Illeso;0;;Non accertato;Inesploso