Protocollo;Gruppo;DataOraIncidente;Localizzazione1;STRADA1;Localizzazione2;STRADA2;Strada02;Chilometrica;DaSpecificare;NaturaIncidente;particolaritastrade;TipoStrada;FondoStradale;Pavimentazione;Segnaletica;CondizioneAtmosferica;Traffico;Visibilita;Illuminazione;NUM_FERITI;NUM_RISERVATA;NUM_MORTI;NUM_ILLESI;Longitudine;Latitudine;Confermato;Progressivo;TipoVeicolo;StatoVeicolo;TipoPersona;Sesso;Tipolesione;Deceduto;DecedutoDopo;CinturaCascoUtilizzato;Airbag
1721124;2;23/04/2007 17:30;Strada Urbana;VIALE DEL MURO TORTO;in prossimità;;del palo luce n. ;17;;Scontro laterale fra veicoli in marcia;Curva a visuale libera;Due carreggiate;Asciutto;Asfaltata;Orizzontale;Sereno;Intenso;Buona;Ore Diurne;1;0;0;1;;;-1;2;Autovettura privata;In marcia / fermata / arresto;Conducente;M;Illeso;0;;Non accertato;Inesploso
1721125;2;23/04/2007 17:55;Strada Urbana;VIALE DEL MURO TORTO;in prossimità;;del palo luce n. ;48;;Scontro laterale fra veicoli in marcia;Curva a visuale libera;Due carreggiate;Asciutto;Asfaltata;Verticale ed orizzontale;Sereno;Normale;Buona;Ore Diurne;1;0;0;2;;;-1;1;Ciclomotore;In marcia / fermata / arresto;Conducente;F;Rimandato;0;NON DECEDUTO;Non accertato;Inesistente
1721125;2;23/04/2007 17:55;Strada Urbana;VIALE DEL MURO TORTO;in prossimità;;del palo luce n. ;48;;Scontro laterale fra veicoli in marcia;Curva a visuale libera;Due carreggiate;Asciutto;Asfaltata;Verticale ed orizzontale;Sereno;Normale;Buona;Ore Diurne;1;0;0;2;;;-1;2;Autocarro inferiore 35 q.;In marcia / fermata / arresto;Conducente;M;Illeso;0;;Non accertato;Inesistente
1721125;2;23/04/2007 17:55;Strada Urbana;VIALE DEL MURO TORTO;in prossimità;;del palo luce n. ;48;;Scontro laterale fra veicoli in marcia;Curva a visuale libera;Due carreggiate;Asciutto;Asfaltata;Verticale ed orizzontale;Sereno;Normale;Buona;Ore Diurne;1;0;0;2;;;-1;2;Autocarro inferiore 35 q.;In marcia / fermata / arresto;Passeggero;M;Illeso;0;;Non utilizzato;Inesistente
1721126;20;23/04/2007 07:30;Statale entro l'abitato;VIA CASSIA;in prossimità;;del civico n. ;698;;Veicolo in marcia contro veicolo fermo;Rettilineo;Una carreggiata a doppio senso;Asciutto;Asfaltata;Orizzontale;Sereno;Intenso;Buona;Ore Diurne;0;0;0;3;;;-1;1;Autovettura privata;In marcia / fermata / arresto;Conducente;M;Illeso;0;;Non accertato;Inesistente
1721126;20;23/04/2007 07:30;Statale entro l'abitato;VIA CASSIA;in prossimità;;del civico n. ;698;;Veicolo in marcia contro veicolo fermo;Rettilineo;Una carreggiata a doppio senso;Asciutto;Asfaltata;Orizzontale;Sereno;Intenso;Buona;Ore Diurne;0;0;0;3;;;-1;2;Autocaravan;In marcia / fermata / arresto;Conducente;M;Illeso;0;;Non accertato;Inesistente
1721126;20;23/04/2007 07:30;Statale entro l'abitato;VIA CASSIA;in prossimità;;del civico n. ;698;;Veicolo in marcia contro veicolo fermo;Rettilineo;Una carreggiata a doppio senso;Asciutto;Asfaltata;Orizzontale;Sereno;Intenso;Buona;Ore Diurne;0;0;0;3;;;-1;2;Autocaravan;In marcia / fermata / arresto;Passeggero;M;Illeso;0;;Non accertato;Inesistente
1721127;20;23/04/2007 10:45;Strada Urbana;VIA DI GROTTAROSSA;in prossimità;;del civico n. ;331;;Scontro frontale fra veicoli in marcia;Curva senza visuale libera;Una carreggiata a doppio senso;Asciutto;Asfaltata;Orizzontale;Sereno;Normale;Sufficiente;Ore Diurne;2;0;0;0;;;-1;1;Autovettura pubblica;In marcia / fermata / arresto;Conducente;M;Rifiuta cure immediate;0;NON DECEDUTO;Non accertato;Esploso
1721127;20;23/04/2007 10:45;Strada Urbana;VIA DI GROTTAROSSA;in prossimità;;del civico n. ;331;;Scontro frontale fra veicoli in marcia;Curva senza visuale libera;Una carreggiata a doppio senso;Asciutto;Asfaltata;Orizzontale;Sereno;Normale;Sufficiente;Ore Diurne;2;0;0;0;;;-1;2;Motociclo a solo;In marcia / fermata / arresto;Conducente;M;Ricoverato;0;NON DECEDUTO;Non accertato;Inesistente
1721128;20;23/04/2007 11:30;Strada Urbana;PIAZZALE DI PONTE MILVIO;all'intersezione semaforizzata con;VIALE DI TOR DI QUINTO;VIALE DI TOR DI QUINTO;;;Tamponamento;Intersezione semaforizzata;Una carreggiata a senso unico di marcia;Asciutto;Asfaltata;Verticale ed orizzontale;Sereno;Normale;Buona;Ore Diurne;1;0;0;0;;;-1;1;Autovettura privata;In marcia / fermata / arresto;Conducente;M;Rifiuta cure immediate;0;NON DECEDUTO;Non accertato;Inesistente
1721129;20;23/04/2007 13:10;Statale entro l'abitato;VIA CASSIA;in corrispondenza;;del civico n. ;901;;Tamponamento;Rettilineo;Una carreggiata a doppio senso;Asciutto;Asfaltata;Orizzontale;Sereno;Normale;Buona;Ore Diurne;0;0;0;2;;;-1;1;Autovettura privata;In marcia / fermata / arresto;Conducente;F;Illeso;0;;Non accertato;Inesistente
1721129;20;23/04/2007 13:10;Statale entro l'abitato;VIA CASSIA;in corrispondenza;;del civico n. ;901;;Tamponamento;Rettilineo;Una carreggiata a doppio senso;Asciutto;Asfaltata;Orizzontale;Sereno;Normale;Buona;Ore Diurne;0;0;0;2;;;-1;2;Autovettura privata;In marcia / fermata / arresto;Conducente;F;Illeso;0;;Non accertato;Inesistente
1721130;20;23/04/2007 16:30;Strada Urbana;CORSO DI FRANCIA;in corrispondenza;;del civico n. ;235;;Veicolo in marcia contro veicolo fermo;Rettilineo;Più di due carreggiate;Asciutto;Asfaltata;Assente;Sereno;Normale;Buona;Ore Diurne;1;0;0;1;;;-1;1;Motociclo a solo;In marcia / fermata / arresto;Conducente;F;Rifiuta cure immediate;0;NON DECEDUTO;Non accertato;Inesistente
1721130;20;23/04/2007 16:30;Strada Urbana;CORSO DI FRANCIA;in corrispondenza;;del civico n. ;235;;Veicolo in marcia contro veicolo fermo;Rettilineo;Più di due carreggiate;Asciutto;Asfaltata;Assente;Sereno;Normale;Buona;Ore Diurne;1;0;0;1;;;-1;2;Autovettura privata;In marcia / fermata / arresto;Conducente;M;Illeso;0;;Non accertato;Inesploso
1721131;20;23/04/2007 23:15;Strada Urbana;VIA CASSIA NUOVA;all'intersezione semaforizzata con;VIA ORIOLO ROMANO;VIA ORIOLO ROMANO;;;Tamponamento Multiplo;Intersezione semaforizzata;Una carreggiata a doppio senso;Asciutto;Asfaltata;Verticale ed orizzontale;Sereno;Normale;Sufficiente;Sufficiente;0;0;0;2;;;-1;1;Autobus urbano;In marcia / fermata / arresto;Conducente;M;Illeso;0;;Non accertato;Inesistente
1721131;20;23/04/2007 23:15;Strada Urbana;VIA CASSIA NUOVA;all'intersezione semaforizzata con;VIA ORIOLO ROMANO;VIA ORIOLO ROMANO;;;Tamponamento Multiplo;Intersezione semaforizzata;Una carreggiata a doppio senso;Asciutto;Asfaltata;Verticale ed orizzontale;Sereno;Normale;Sufficiente;Sufficiente;0;0;0;2;;;-1;2;Autovettura privata;In marcia / fermata / arresto;Conducente;F;Illeso;0;;Non accertato;Inesistente
1721132;3;19/04/2007 14:25;Strada Urbana;VIALE IPPOCRATE;in prossimità;;del civico n. ;43;;Veicolo in marcia contro veicolo fermo;Rettilineo;Una carreggiata a senso unico di marcia;Asciutto;Asfaltata;Verticale ed orizzontale;Sereno;Normale;Buona;Ore Diurne;0;0;0;1;;;-1;2;Autovettura privata;In marcia / fermata / arresto;Conducente;M;Illeso;0;;Non accertato;Inesistente
1721136;3;20/04/2007 17:15;Strada Urbana;VIA GIOVANNI BATTISTA MORGAGNI;in prossimità;;del civico n. ;2/E;;Scontro laterale fra veicoli in marcia;Rettilineo;Una carreggiata a doppio senso;Asciutto;Asfaltata;Verticale ed orizzontale;Sereno;Intenso;Buona;Ore Diurne;0;0;0;5;;;-1;1;Autovettura privata;In marcia / fermata / arresto;Conducente;F;Illeso;0;;Non accertato;Inesistente
1721136;3;20/04/2007 17:15;Strada Urbana;VIA GIOVANNI BATTISTA MORGAGNI;in prossimità;;del civico n. ;2/E;;Scontro laterale fra veicoli in marcia;Rettilineo;Una carreggiata a doppio senso;Asciutto;Asfaltata;Verticale ed orizzontale;Sereno;Intenso;Buona;Ore Diurne;0;0;0;5;;;-1;1;Autovettura privata;In marcia / fermata / arresto;Passeggero;M;Illeso;0;;Non accertato;Inesistente
1721136;3;20/04/2007 17:15;Strada Urbana;VIA GIOVANNI BATTISTA MORGAGNI;in prossimità;;del civico n. ;2/E;;Scontro laterale fra veicoli in marcia;Rettilineo;Una carreggiata a doppio senso;Asciutto;Asfaltata;Verticale ed orizzontale;Sereno;Intenso;Buona;Ore Diurne;0;0;0;5;;;-1;1;Autovettura privata;In marcia / fermata / arresto;Passeggero;F;Illeso;0;;Non accertato;Inesistente
1721136;3;20/04/2007 17:15;Strada Urbana;VIA GIOVANNI BATTISTA MORGAGNI;in prossimità;;del civico n. ;2/E;;Scontro laterale fra veicoli in marcia;Rettilineo;Una carreggiata a doppio senso;Asciutto;Asfaltata;Verticale ed orizzontale;Sereno;Intenso;Buona;Ore Diurne;0;0;0;5;;;-1;2;Autovettura privata;In marcia / fermata / arresto;Conducente;F;Illeso;0;;Non accertato;Inesistente
1721136;3;20/04/2007 17:15;Strada Urbana;VIA GIOVANNI BATTISTA MORGAGNI;in prossimità;;del civico n. ;2/E;;Scontro laterale fra veicoli in marcia;Rettilineo;Una carreggiata a doppio senso;Asciutto;Asfaltata;Verticale ed orizzontale;Sereno;Intenso;Buona;Ore Diurne;0;0;0;5;;;-1;2;Autovettura privata;In marcia / fermata / arresto;Passeggero;F;Illeso;0;;Non accertato;Inesistente
1721137;3;20/04/2007 18:15;Strada Urbana;VIA REGGIO CALABRIA;in prossimità;;del civico n. ;5;;Veicolo in marcia contro veicolo in sosta;Rettilineo;Una carreggiata a senso unico di marcia;Asciutto;Asfaltata;Verticale ed orizzontale;Sereno;Scarso;Buona;Sufficiente;0;0;0;1;;;-1;2;Autovettura privata;In marcia / fermata / arresto;Conducente;M;Illeso;0;;Non accertato;Inesistente
1721139;3;21/04/2007 06:20;Strada Urbana;VIA RODOLFO LANCIANI;in prossimità;;del civico n. ;5;;Veicolo in marcia contro veicoli fermi;Rettilineo;Due carreggiate;Asciutto;Asfaltata;Verticale;Sereno;Scarso;Buona;Ore Diurne;1;0;0;0;;;-1;1;Autovettura privata;In marcia / fermata / arresto;Conducente;M;Ricoverato;0;NON DECEDUTO;Non accertato;Esploso
1721141;3;22/04/2007 02:00;Strada Urbana;VIA RAVENNA;all'intersezione semaforizzata con;VIALE DI VILLA MASSIMO;VIALE DI VILLA MASSIMO;;;Scontro frontale/laterale DX fra veicoli in marcia;Intersezione semaforizzata;Una carreggiata a senso unico di marcia;Asciutto;Asfaltata;Verticale ed orizzontale;Sereno;Scarso;Buona;Sufficiente;7;1;0;0;;;-1;1;Autovettura privata;In marcia / fermata / arresto;Conducente;F;Rimandato;0;NON DECEDUTO;Non accertato;Inesistente
1721141;3;22/04/2007 02:00;Strada Urbana;VIA RAVENNA;all'intersezione semaforizzata con;VIALE DI VILLA MASSIMO;VIALE DI VILLA MASSIMO;;;Scontro frontale/laterale DX fra veicoli in marcia;Intersezione semaforizzata;Una carreggiata a senso unico di marcia;Asciutto;Asfaltata;Verticale ed orizzontale;Sereno;Scarso;Buona;Sufficiente;7;1;0;0;;;-1;2;Quadriciclo leggero;In marcia / fermata / arresto;Conducente;M;Rimandato;0;NON DECEDUTO;Non accertato;Inesistente
1721141;3;22/04/2007 02:00;Strada Urbana;VIA RAVENNA;all'intersezione semaforizzata con;VIALE DI VILLA MASSIMO;VIALE DI VILLA MASSIMO;;;Scontro frontale/laterale DX fra veicoli in marcia;Intersezione semaforizzata;Una carreggiata a senso unico di marcia;Asciutto;Asfaltata;Verticale ed orizzontale;Sereno;Scarso;Buona;Sufficiente;7;1;0;0;;;-1;2;Quadriciclo leggero;In marcia / fermata / arresto;Passeggero;M;Rimandato;0;NON DECEDUTO;Non accertato;Inesistente
1721141;3;22/04/2007 02:00;Strada Urbana;VIA RAVENNA;all'intersezione semaforizzata con;VIALE DI VILLA MASSIMO;VIALE DI VILLA MASSIMO;;;Scontro frontale/laterale DX fra veicoli in marcia;Intersezione semaforizzata;Una carreggiata a senso unico di marcia;Asciutto;Asfaltata;Verticale ed orizzontale;Sereno;Scarso;Buona;Sufficiente;7;1;0;0;;;-1;3;Autovettura privata;In marcia / fermata / arresto;Conducente;M;Rimandato;0;NON DECEDUTO;Non accertato;Inesistente
1721141;3;22/04/2007 02:00;Strada Urbana;VIA RAVENNA;all'intersezione semaforizzata con;VIALE DI VILLA MASSIMO;VIALE DI VILLA MASSIMO;;;Scontro frontale/laterale DX fra veicoli in marcia;Intersezione semaforizzata;Una carreggiata a senso unico di marcia;Asciutto;Asfaltata;Verticale ed orizzontale;Sereno;Scarso;Buona;Sufficiente;7;1;0;0;;;-1;3;Autovettura privata;In marcia / fermata / arresto;Passeggero;M;Rimandato;0;NON DECEDUTO;Non accertato;Inesistente
1721141;3;22/04/2007 02:00;Strada Urbana;VIA RAVENNA;all'intersezione semaforizzata con;VIALE DI VILLA MASSIMO;VIALE DI VILLA MASSIMO;;;Scontro frontale/laterale DX fra veicoli in marcia;Intersezione semaforizzata;Una carreggiata a senso unico di marcia;Asciutto;Asfaltata;Verticale ed orizzontale;Sereno;Scarso;Buona;Sufficiente;7;1;0;0;;;-1;3;Autovettura privata;In marcia / fermata / arresto;Passeggero;F;Rimandato;0;NON DECEDUTO;Non accertato;Inesistente
1721141;3;22/04/2007 02:00;Strada Urbana;VIA RAVENNA;all'intersezione semaforizzata con;VIALE DI VILLA MASSIMO;VIALE DI VILLA MASSIMO;;;Scontro frontale/laterale DX fra veicoli in marcia;Intersezione semaforizzata;Una carreggiata a senso unico di marcia;Asciutto;Asfaltata;Verticale ed orizzontale;Sereno;Scarso;Buona;Sufficiente;7;1;0;0;;;-1;3;Autovettura privata;In marcia / fermata / arresto;Passeggero;M;Prognosi riservata;0;NON DECEDUTO;Non accertato;Inesistente
1721141;3;22/04/2007 02:00;Strada Urbana;VIA RAVENNA;all'intersezione semaforizzata con;VIALE DI VILLA MASSIMO;VIALE DI VILLA MASSIMO;;;Scontro frontale/laterale DX fra veicoli in marcia;Intersezione semaforizzata;Una carreggiata a senso unico di marcia;Asciutto;Asfaltata;Verticale ed orizzontale;Sereno;Scarso;Buona;Sufficiente;7;1;0;0;;;-1;3;Autovettura privata;In marcia / fermata / arresto;Passeggero;M;Rimandato;0;NON DECEDUTO;Non accertato;Inesistente
1721142;4;20/04/2007 14:15;Strada Urbana;VIA DELLA BUFALOTTA;in corrispondenza;;del civico n. ;274;;Scontro frontale fra veicoli in marcia;Dosso;Una carreggiata a doppio senso;Asciutto;Asfaltata;Orizzontale;Sereno;Normale;Buona;Ore Diurne;1;0;0;1;;;-1;1;Autovettura privata;In marcia / fermata / arresto;Conducente;M;Illeso;0;;Non accertato;Inesploso
1721142;4;20/04/2007 14:15;Strada Urbana;VIA DELLA BUFALOTTA;in corrispondenza;;del civico n. ;274;;Scontro frontale fra veicoli in marcia;Dosso;Una carreggiata a doppio senso;Asciutto;Asfaltata;Orizzontale;Sereno;Normale;Buona;Ore Diurne;1;0;0;1;;;-1;2;Ciclomotore;In marcia / fermata / arresto;Conducente;M;Rimandato;0;NON DECEDUTO;Non accertato;Inesistente
1721143;4;20/04/2007 14:45;Provinciale entro l'abitato;VIA NOMENTANA;all'intersezione semaforizzata con;VIALE KANT;VIALE KANT;;;Scontro frontale/laterale DX fra veicoli in marcia;Intersezione semaforizzata;Una carreggiata a doppio senso;Asciutto;Asfaltata;Verticale ed orizzontale;Sereno;Normale;Buona;Ore Diurne;0;0;0;2;;;-1;1;Ciclomotore;In marcia / fermata / arresto;Conducente;M;Illeso;0;;Non accertato;Inesistente
1721143;4;20/04/2007 14:45;Provinciale entro l'abitato;VIA NOMENTANA;all'intersezione semaforizzata con;VIALE KANT;VIALE KANT;;;Scontro frontale/laterale DX fra veicoli in marcia;Intersezione semaforizzata;Una carreggiata a doppio senso;Asciutto;Asfaltata;Verticale ed orizzontale;Sereno;Normale;Buona;Ore Diurne;0;0;0;2;;;-1;2;Autovettura privata;In marcia / fermata / arresto;Conducente;M;Illeso;0;;Non accertato;Inesistente
1721144;4;20/04/2007 17:00;Strada Urbana;PIAZZA GIUSEPPE PRIMOLI;all'intersezione semaforizzata con;VIA RENATO FUCINI;VIA RENATO FUCINI;;;Scontro frontale/laterale DX fra veicoli in marcia;Intersezione semaforizzata;Due carreggiate;Asciutto;Asfaltata;Verticale ed orizzontale;Sereno;Intenso;Buona;Ore Diurne;1;0;0;1;;;-1;1;Autovettura privata;In marcia / fermata / arresto;Conducente;F;Illeso;0;;Non accertato;Inesistente
1721144;4;20/04/2007 17:00;Strada Urbana;PIAZZA GIUSEPPE PRIMOLI;all'intersezione semaforizzata con;VIA RENATO FUCINI;VIA RENATO FUCINI;;;Scontro frontale/laterale DX fra veicoli in marcia;Intersezione semaforizzata;Due carreggiate;Asciutto;Asfaltata;Verticale ed orizzontale;Sereno;Intenso;Buona;Ore Diurne;1;0;0;1;;;-1;2;Motociclo a solo;In marcia / fermata / arresto;Conducente;M;Rimandato;0;NON DECEDUTO;Non accertato;Inesistente
1721145;4;20/04/2007 18:00;Strada Urbana;PIAZZA MONTE GENNARO;in prossimità;;del fronte civico n. ;56;;Scontro frontale/laterale SX fra veicoli in marcia;Rettilineo;Una carreggiata a doppio senso;Asciutto;Asfaltata;Orizzontale;Sereno;Intenso;Buona;Ore Diurne;1;0;0;1;;;-1;1;Autovettura privata;In marcia / fermata / arresto;Conducente;M;Illeso;0;;Non accertato;Inesistente
1721145;4;20/04/2007 18:00;Strada Urbana;PIAZZA MONTE GENNARO;in prossimità;;del fronte civico n. ;56;;Scontro frontale/laterale SX fra veicoli in marcia;Rettilineo;Una carreggiata a doppio senso;Asciutto;Asfaltata;Orizzontale;Sereno;Intenso;Buona;Ore Diurne;1;0;0;1;;;-1;2;Motociclo a solo;In marcia / fermata / arresto;Conducente;F;Rimandato;0;NON DECEDUTO;Non accertato;Inesistente
1721146;4;20/04/2007 18:30;Strada Urbana;PIAZZA GIUSEPPE PRIMOLI;all'intersezione semaforizzata con;VIA RENATO FUCINI;VIA RENATO FUCINI;;;Scontro frontale/laterale DX fra veicoli in marcia;Intersezione semaforizzata;Due carreggiate;Asciutto;Asfaltata;Verticale ed orizzontale;Sereno;Intenso;Buona;Ore Diurne;0;0;0;2;;;-1;1;Autovettura privata;In marcia / fermata / arresto;Conducente;F;Illeso;0;;Non accertato;Inesistente
1721146;4;20/04/2007 18:30;Strada Urbana;PIAZZA GIUSEPPE PRIMOLI;all'intersezione semaforizzata con;VIA RENATO FUCINI;VIA RENATO FUCINI;;;Scontro frontale/laterale DX fra veicoli in marcia;Intersezione semaforizzata;Due carreggiate;Asciutto;Asfaltata;Verticale ed orizzontale;Sereno;Intenso;Buona;Ore Diurne;0;0;0;2;;;-1;2;Motociclo a solo;In marcia / fermata / arresto;Conducente;M;Illeso;0;;Non accertato;Inesistente
1721147;4;21/04/2007 20:15;Strada Urbana;VIALE LINA CAVALIERI;da specificare;;;;in prossimità di Via Matteo Babini;Scontro frontale/laterale SX fra veicoli in marcia;Rettilineo;Due carreggiate;Asciutto;Asfaltata;Assente;Sereno;Scarso;Buona;Sufficiente;1;0;0;1;;;-1;1;Motociclo a solo;In marcia / fermata / arresto;Conducente;M;Rimandato;0;NON DECEDUTO;Non accertato;Inesistente
1721147;4;21/04/2007 20:15;Strada Urbana;VIALE LINA CAVALIERI;da specificare;;;;in prossimità di Via Matteo Babini;Scontro frontale/laterale SX fra veicoli in marcia;Rettilineo;Due carreggiate;Asciutto;Asfaltata;Assente;Sereno;Scarso;Buona;Sufficiente;1;0;0;1;;;-1;2;Autovettura privata;In marcia / fermata / arresto;Conducente;F;Illeso;0;;Non accertato;Inesploso
1721155;5;23/04/2007 05:30;Statale entro l'abitato;VIA DI TOR CERVARA;in prossimità;;del civico n. ;11;;Tamponamento;Rettilineo;Una carreggiata a doppio senso;Asciutto;Asfaltata;Orizzontale;Sereno;Intenso;Buona;Ore Diurne;0;0;0;3;;;-1;1;Autovettura privata;In marcia / fermata / arresto;Conducente;M;Illeso;0;;Non accertato;Inesploso
1721155;5;23/04/2007 05:30;Statale entro l'abitato;VIA DI TOR CERVARA;in prossimità;;del civico n. ;11;;Tamponamento;Rettilineo;Una carreggiata a doppio senso;Asciutto;Asfaltata;Orizzontale;Sereno;Intenso;Buona;Ore Diurne;0;0;0;3;;;-1;1;Autovettura privata;In marcia / fermata / arresto;Passeggero;M;Illeso;0;;Non accertato;Inesploso
1721155;5;23/04/2007 05:30;Statale entro l'abitato;VIA DI TOR CERVARA;in prossimità;;del civico n. ;11;;Tamponamento;Rettilineo;Una carreggiata a doppio senso;Asciutto;Asfaltata;Orizzontale;Sereno;Intenso;Buona;Ore Diurne;0;0;0;3;;;-1;2;Autovettura privata;In marcia / fermata / arresto;Conducente;M;Illeso;0;;Non accertato;Esploso
1721156;5;23/04/2007 08:15;Statale entro l'abitato;VIA TIBURTINA;in prossimità;;del civico n. ;812;;Scontro laterale fra veicoli in marcia;Rettilineo;Una carreggiata a doppio senso;Asciutto;Asfaltata;Orizzontale;Sereno;Normale;Buona;Ore Diurne;0;0;0;2;;;-1;1;Autovettura privata;In marcia / fermata / arresto;Conducente;F;Illeso;0;;Non accertato;Inesploso
1721156;5;23/04/2007 08:15;Statale entro l'abitato;VIA TIBURTINA;in prossimità;;del civico n. ;812;;Scontro laterale fra veicoli in marcia;Rettilineo;Una carreggiata a doppio senso;Asciutto;Asfaltata;Orizzontale;Sereno;Normale;Buona;Ore Diurne;0;0;0;2;;;-1;2;Motociclo a solo;In marcia / fermata / arresto;Conducente;M;Illeso;0;;Non accertato;Inesistente
1721157;5;23/04/2007 09:30;Strada Urbana;VIA VINCENZO MORELLO;in prossimità;;del civico n. ;13;;Veicolo in marcia contro veicolo in sosta;Rettilineo;Una carreggiata a senso unico di marcia;Asciutto;Asfaltata;Assente;Sereno;Normale;Buona;Ore Diurne;0;0;0;3;;;-1;1;Autocarro inferiore 35 q.;In marcia / fermata / arresto;Conducente;M;Illeso;0;;Non accertato;Inesistente
1721157;5;23/04/2007 09:30;Strada Urbana;VIA VINCENZO MORELLO;in prossimità;;del civico n. ;13;;Veicolo in marcia contro veicolo in sosta;Rettilineo;Una carreggiata a senso unico di marcia;Asciutto;Asfaltata;Assente;Sereno;Normale;Buona;Ore Diurne;0;0;0;3;;;-1;1;Autocarro inferiore 35 q.;In marcia / fermata / arresto;Passeggero;M;Illeso;0;;Non accertato;Inesistente
1721157;5;23/04/2007 09:30;Strada Urbana;VIA VINCENZO MORELLO;in prossimità;;del civico n. ;13;;Veicolo in marcia contro veicolo in sosta;Rettilineo;Una carreggiata a senso unico di marcia;Asciutto;Asfaltata;Assente;Sereno;Normale;Buona;Ore Diurne;0;0;0;3;;;-1;2;Autovettura pubblica;Sosta;Passeggero;M;Illeso;0;;Non accertato;Inesploso
1721158;5;23/04/2007 10:30;Strada Urbana;VIA ANTONIO BALDISSERA;all'intersezione con;VIA GIUSEPPE PIANELL;VIA GIUSEPPE PIANELL;;;Veicolo in marcia contro veicolo in sosta;Incrocio;Una carreggiata a senso unico di marcia;Asciutto;Asfaltata;Verticale;Sereno;Scarso;Buona;Ore Diurne;1;0;0;1;;;-1;1;Motociclo a solo;In marcia / fermata / arresto;Conducente;M;Rimandato;0;NON DECEDUTO;Non accertato;Inesistente
1721158;5;23/04/2007 10:30;Strada Urbana;VIA ANTONIO BALDISSERA;all'intersezione con;VIA GIUSEPPE PIANELL;VIA GIUSEPPE PIANELL;;;Veicolo in marcia contro veicolo in sosta;Incrocio;Una carreggiata a senso unico di marcia;Asciutto;Asfaltata;Verticale;Sereno;Scarso;Buona;Ore Diurne;1;0;0;1;;;-1;2;Autocarro superiore 35 q.;In marcia / fermata / arresto;Conducente;M;Illeso;0;;Esente;Inesistente
1721159;5;23/04/2007 14:15;Strada Urbana;VIA TIBURTINA;in prossimità;;del civico n. ;636;;Scontro laterale fra veicoli in marcia;Rettilineo;Due carreggiate;Asciutto;Asfaltata;Verticale ed orizzontale;Sereno;Normale;Buona;Ore Diurne;0;0;0;7;;;-1;1;Autoveicolo trasp.promisc.;In marcia / fermata / arresto;Conducente;M;Illeso;0;;Non accertato;Inesistente
1721159;5;23/04/2007 14:15;Strada Urbana;VIA TIBURTINA;in prossimità;;del civico n. ;636;;Scontro laterale fra veicoli in marcia;Rettilineo;Due carreggiate;Asciutto;Asfaltata;Verticale ed orizzontale;Sereno;Normale;Buona;Ore Diurne;0;0;0;7;;;-1;1;Autoveicolo trasp.promisc.;In marcia / fermata / arresto;Passeggero;M;Illeso;0;;Non accertato;Inesistente
1721159;5;23/04/2007 14:15;Strada Urbana;VIA TIBURTINA;in prossimità;;del civico n. ;636;;Scontro laterale fra veicoli in marcia;Rettilineo;Due carreggiate;Asciutto;Asfaltata;Verticale ed orizzontale;Sereno;Normale;Buona;Ore Diurne;0;0;0;7;;;-1;1;Autoveicolo trasp.promisc.;In marcia / fermata / arresto;Passeggero;M;Illeso;0;;Non accertato;Inesistente
1721159;5;23/04/2007 14:15;Strada Urbana;VIA TIBURTINA;in prossimità;;del civico n. ;636;;Scontro laterale fra veicoli in marcia;Rettilineo;Due carreggiate;Asciutto;Asfaltata;Verticale ed orizzontale;Sereno;Normale;Buona;Ore Diurne;0;0;0;7;;;-1;1;Autoveicolo trasp.promisc.;In marcia / fermata / arresto;Passeggero;M;Illeso;0;;Non accertato;Inesistente
1721159;5;23/04/2007 14:15;Strada Urbana;VIA TIBURTINA;in prossimità;;del civico n. ;636;;Scontro laterale fra veicoli in marcia;Rettilineo;Due carreggiate;Asciutto;Asfaltata;Verticale ed orizzontale;Sereno;Normale;Buona;Ore Diurne;0;0;0;7;;;-1;1;Autoveicolo trasp.promisc.;In marcia / fermata / arresto;Passeggero;M;Illeso;0;;Non accertato;Inesistente
1721159;5;23/04/2007 14:15;Strada Urbana;VIA TIBURTINA;in prossimità;;del civico n. ;636;;Scontro laterale fra veicoli in marcia;Rettilineo;Due carreggiate;Asciutto;Asfaltata;Verticale ed orizzontale;Sereno;Normale;Buona;Ore Diurne;0;0;0;7;;;-1;2;Motociclo con passeggero;In marcia / fermata / arresto;Conducente;M;Illeso;0;;Non accertato;Inesistente
1721159;5;23/04/2007 14:15;Strada Urbana;VIA TIBURTINA;in prossimità;;del civico n. ;636;;Scontro laterale fra veicoli in marcia;Rettilineo;Due carreggiate;Asciutto;Asfaltata;Verticale ed orizzontale;Sereno;Normale;Buona;Ore Diurne;0;0;0;7;;;-1;2;Motociclo con passeggero;In marcia / fermata / arresto;Passeggero;M;Illeso;0;;Non accertato;Inesistente
1721160;5;23/04/2007 16:10;Strada Urbana;PIAZZA EDOARDO PERSICO;da specificare;;;;altezza via Bergamini;Tamponamento;Rettilineo;Una carreggiata a senso unico di marcia;Asciutto;Asfaltata;Verticale ed orizzontale;Sereno;Normale;Buona;Ore Diurne;0;0;0;2;;;-1;1;Autovettura privata;In marcia / fermata / arresto;Conducente;M;Illeso;0;;Non accertato;Inesistente