Protocollo;Gruppo;DataOraIncidente;Localizzazione1;STRADA1;Localizzazione2;STRADA2;Strada02;Chilometrica;DaSpecificare;NaturaIncidente;particolaritastrade;TipoStrada;FondoStradale;Pavimentazione;Segnaletica;CondizioneAtmosferica;Traffico;Visibilita;Illuminazione;NUM_FERITI;NUM_RISERVATA;NUM_MORTI;NUM_ILLESI;Longitudine;Latitudine;Confermato;Progressivo;TipoVeicolo;StatoVeicolo;TipoPersona;Sesso;Tipolesione;Deceduto;DecedutoDopo;CinturaCascoUtilizzato;Airbag
1722134;23;27/04/2007 08:55;Comunale extraurbana;VIA CRISTOFORO COLOMBO;in prossimità;;della chilometrica ;18;;Tamponamento Multiplo;Rettilineo;Due carreggiate;Asciutto;Asfaltata;Verticale ed orizzontale;Sereno;Intenso;Buona;Ore Diurne;0;0;0;6;;;-1;1;Autovettura privata;In marcia / fermata / arresto;Passeggero;M;Illeso;0;;Utilizzato;Inesploso
1722134;23;27/04/2007 08:55;Comunale extraurbana;VIA CRISTOFORO COLOMBO;in prossimità;;della chilometrica ;18;;Tamponamento Multiplo;Rettilineo;Due carreggiate;Asciutto;Asfaltata;Verticale ed orizzontale;Sereno;Intenso;Buona;Ore Diurne;0;0;0;6;;;-1;2;Autovettura privata;In marcia / fermata / arresto;Conducente;M;Illeso;0;;Utilizzato;Inesistente
1722134;23;27/04/2007 08:55;Comunale extraurbana;VIA CRISTOFORO COLOMBO;in prossimità;;della chilometrica ;18;;Tamponamento Multiplo;Rettilineo;Due carreggiate;Asciutto;Asfaltata;Verticale ed orizzontale;Sereno;Intenso;Buona;Ore Diurne;0;0;0;6;;;-1;3;Autovettura privata;In marcia / fermata / arresto;Conducente;F;Illeso;0;;Utilizzato;Inesistente
1722134;23;27/04/2007 08:55;Comunale extraurbana;VIA CRISTOFORO COLOMBO;in prossimità;;della chilometrica ;18;;Tamponamento Multiplo;Rettilineo;Due carreggiate;Asciutto;Asfaltata;Verticale ed orizzontale;Sereno;Intenso;Buona;Ore Diurne;0;0;0;6;;;-1;4;Autocarro inferiore 35 q.;In marcia / fermata / arresto;Conducente;M;Illeso;0;;Non accertato;Inesistente
1722134;23;27/04/2007 08:55;Comunale extraurbana;VIA CRISTOFORO COLOMBO;in prossimità;;della chilometrica ;18;;Tamponamento Multiplo;Rettilineo;Due carreggiate;Asciutto;Asfaltata;Verticale ed orizzontale;Sereno;Intenso;Buona;Ore Diurne;0;0;0;6;;;-1;5;Motociclo a solo;In marcia / fermata / arresto;Conducente;M;Illeso;0;;Utilizzato;Inesistente
1722135;23;27/04/2007 17:30;Comunale extraurbana;VIA CRISTOFORO COLOMBO;in prossimità;;della chilometrica ;15;;Scontro laterale fra veicoli in marcia;Rettilineo;Più di due carreggiate;Asciutto;Asfaltata;Verticale ed orizzontale;Sereno;Intenso;Buona;Ore Diurne;1;0;0;1;;;-1;1;Autovettura privata;In marcia / fermata / arresto;Conducente;M;Illeso;0;;Utilizzato;Inesploso
1722135;23;27/04/2007 17:30;Comunale extraurbana;VIA CRISTOFORO COLOMBO;in prossimità;;della chilometrica ;15;;Scontro laterale fra veicoli in marcia;Rettilineo;Più di due carreggiate;Asciutto;Asfaltata;Verticale ed orizzontale;Sereno;Intenso;Buona;Ore Diurne;1;0;0;1;;;-1;2;Motociclo a solo;In marcia / fermata / arresto;Conducente;F;Rimandato;0;NON DECEDUTO;Utilizzato;Inesistente
1722136;23;27/04/2007 14:30;Strada Urbana;VIA PELLEGRINO MATTEUCCI;in prossimità;;del civico n. ;21;;Scontro laterale fra veicoli in marcia;Pendenza;Una carreggiata a doppio senso;Asciutto;Asfaltata;Verticale ed orizzontale;Sereno;Normale;Buona;Ore Diurne;0;0;0;2;;;-1;1;Motociclo a solo;In marcia / fermata / arresto;Conducente;M;Illeso;0;;Non accertato;Inesistente
1722136;23;27/04/2007 14:30;Strada Urbana;VIA PELLEGRINO MATTEUCCI;in prossimità;;del civico n. ;21;;Scontro laterale fra veicoli in marcia;Pendenza;Una carreggiata a doppio senso;Asciutto;Asfaltata;Verticale ed orizzontale;Sereno;Normale;Buona;Ore Diurne;0;0;0;2;;;-1;2;Autovettura privata;In marcia / fermata / arresto;Conducente;M;Illeso;0;;Non accertato;Inesistente
1722137;23;27/04/2007 23:00;Strada Urbana;VIA CRISTOFORO COLOMBO;in prossimità;;del civico n. ;2112;;Fuoriuscita dalla sede stradale;Rettilineo;Più di due carreggiate;Asciutto;Asfaltata;Verticale ed orizzontale;Sereno;Normale;Buona;Sufficiente;1;0;0;0;;;-1;1;Motociclo a solo;In marcia / fermata / arresto;Conducente;M;Rimandato;0;NON DECEDUTO;Non accertato;Inesistente
1722138;23;28/04/2007 08:20;Comunale extraurbana;VIA CRISTOFORO COLOMBO;all'intersezione semaforizzata con;VIA DEL CANALE DELLA LINGUA;VIA DEL CANALE DELLA LINGUA;;;Scontro frontale/laterale SX fra veicoli in marcia;Intersezione semaforizzata;Più di due carreggiate;Asciutto;Asfaltata;Verticale ed orizzontale;Sereno;Scarso;Buona;Ore Diurne;0;0;0;4;;;-1;1;Autovettura privata;In marcia / fermata / arresto;Conducente;F;Illeso;0;;Non accertato;Inesistente
1722138;23;28/04/2007 08:20;Comunale extraurbana;VIA CRISTOFORO COLOMBO;all'intersezione semaforizzata con;VIA DEL CANALE DELLA LINGUA;VIA DEL CANALE DELLA LINGUA;;;Scontro frontale/laterale SX fra veicoli in marcia;Intersezione semaforizzata;Più di due carreggiate;Asciutto;Asfaltata;Verticale ed orizzontale;Sereno;Scarso;Buona;Ore Diurne;0;0;0;4;;;-1;1;Autovettura privata;In marcia / fermata / arresto;Passeggero;F;Illeso;0;;Utilizzato;Inesistente
1722138;23;28/04/2007 08:20;Comunale extraurbana;VIA CRISTOFORO COLOMBO;all'intersezione semaforizzata con;VIA DEL CANALE DELLA LINGUA;VIA DEL CANALE DELLA LINGUA;;;Scontro frontale/laterale SX fra veicoli in marcia;Intersezione semaforizzata;Più di due carreggiate;Asciutto;Asfaltata;Verticale ed orizzontale;Sereno;Scarso;Buona;Ore Diurne;0;0;0;4;;;-1;1;Autovettura privata;In marcia / fermata / arresto;Passeggero;F;Illeso;0;;Utilizzato;Inesistente
1722138;23;28/04/2007 08:20;Comunale extraurbana;VIA CRISTOFORO COLOMBO;all'intersezione semaforizzata con;VIA DEL CANALE DELLA LINGUA;VIA DEL CANALE DELLA LINGUA;;;Scontro frontale/laterale SX fra veicoli in marcia;Intersezione semaforizzata;Più di due carreggiate;Asciutto;Asfaltata;Verticale ed orizzontale;Sereno;Scarso;Buona;Ore Diurne;0;0;0;4;;;-1;2;Velocipede;In marcia / fermata / arresto;Conducente;F;Illeso;0;;Esente;Inesistente
1722139;23;28/04/2007 08:25;Comunale extraurbana;VIA CRISTOFORO COLOMBO;all'intersezione semaforizzata con;VIA DI CASAL PALOCCO;VIA DI CASAL PALOCCO;;;Scontro frontale/laterale SX fra veicoli in marcia;Intersezione semaforizzata;Più di due carreggiate;Asciutto;Asfaltata;Verticale ed orizzontale;Sereno;Scarso;Buona;Ore Diurne;3;0;0;0;;;-1;1;Autovettura privata;In marcia / fermata / arresto;Conducente;M;Rimandato;0;NON DECEDUTO;Non accertato;Esploso
1722139;23;28/04/2007 08:25;Comunale extraurbana;VIA CRISTOFORO COLOMBO;all'intersezione semaforizzata con;VIA DI CASAL PALOCCO;VIA DI CASAL PALOCCO;;;Scontro frontale/laterale SX fra veicoli in marcia;Intersezione semaforizzata;Più di due carreggiate;Asciutto;Asfaltata;Verticale ed orizzontale;Sereno;Scarso;Buona;Ore Diurne;3;0;0;0;;;-1;1;Autovettura privata;In marcia / fermata / arresto;Passeggero;F;Rimandato;0;NON DECEDUTO;Non accertato;Inesistente
1722139;23;28/04/2007 08:25;Comunale extraurbana;VIA CRISTOFORO COLOMBO;all'intersezione semaforizzata con;VIA DI CASAL PALOCCO;VIA DI CASAL PALOCCO;;;Scontro frontale/laterale SX fra veicoli in marcia;Intersezione semaforizzata;Più di due carreggiate;Asciutto;Asfaltata;Verticale ed orizzontale;Sereno;Scarso;Buona;Ore Diurne;3;0;0;0;;;-1;2;Autovettura privata;In marcia / fermata / arresto;Conducente;M;Rimandato;0;NON DECEDUTO;Non accertato;Inesistente
1722140;1;18/04/2007 16:10;Strada Urbana;VIA DANDOLO;da specificare;;;;ALTEZZA VIA CALANDRELLI;Scontro frontale/laterale SX fra veicoli in marcia;Rettilineo;Una carreggiata a doppio senso;Asciutto;Asfaltata;Assente;Sereno;Normale;Buona;Ore Diurne;0;0;0;2;;;-1;1;Ciclomotore;In marcia / fermata / arresto;Conducente;M;Illeso;0;;Utilizzato;Inesistente
1722140;1;18/04/2007 16:10;Strada Urbana;VIA DANDOLO;da specificare;;;;ALTEZZA VIA CALANDRELLI;Scontro frontale/laterale SX fra veicoli in marcia;Rettilineo;Una carreggiata a doppio senso;Asciutto;Asfaltata;Assente;Sereno;Normale;Buona;Ore Diurne;0;0;0;2;;;-1;2;Motociclo a solo;In marcia / fermata / arresto;Conducente;M;Illeso;0;;Utilizzato;Inesistente
1722141;1;24/04/2007 08:00;Strada Urbana;VIA DELL'IMPRESA;in corrispondenza;;del civico n. ;23;;Infortunio per caduta del veicolo;Rettilineo;Una carreggiata a doppio senso;Asciutto;Asfaltata;Verticale;Sereno;Scarso;Buona;Ore Diurne;1;0;0;0;;;-1;1;Motociclo a solo;In marcia / fermata / arresto;Conducente;F;Rimandato;0;NON DECEDUTO;Non accertato;Inesistente
1722143;1;28/04/2007 08:30;Strada Urbana;PIAZZALE OSTIENSE;da specificare;;;;subito dopo l'intersezione con v.le marco polo;Scontro frontale/laterale DX fra veicoli in marcia;Rettilineo;Una carreggiata a senso unico alternato;Asciutto;Asfaltata;Verticale ed orizzontale;Sereno;Scarso;Buona;Ore Diurne;2;0;0;0;;;-1;1;Autovettura privata;In marcia / fermata / arresto;Conducente;F;Rifiuta cure immediate;0;NON DECEDUTO;Non accertato;Inesistente
1722143;1;28/04/2007 08:30;Strada Urbana;PIAZZALE OSTIENSE;da specificare;;;;subito dopo l'intersezione con v.le marco polo;Scontro frontale/laterale DX fra veicoli in marcia;Rettilineo;Una carreggiata a senso unico alternato;Asciutto;Asfaltata;Verticale ed orizzontale;Sereno;Scarso;Buona;Ore Diurne;2;0;0;0;;;-1;2;Autocarro inferiore 35 q.;In marcia / fermata / arresto;Conducente;M;Rimandato;0;NON DECEDUTO;Non accertato;Inesistente
1722144;1;28/04/2007 17:00;Strada Urbana;VIA ANDREA PROVANA;in corrispondenza;;del civico n. ;23;;Veicolo in marcia contro veicolo in sosta;Rettilineo;Una carreggiata a senso unico di marcia;Asciutto;Asfaltata;Verticale ed orizzontale;Sereno;Scarso;Buona;Ore Diurne;0;0;0;1;;;-1;2;Autocarro inferiore 35 q.;In marcia / fermata / arresto;Conducente;M;Illeso;0;;Non accertato;Inesploso
1722145;1;29/04/2007 10:00;Strada Urbana;LUNGOTEVERE DEI TEBALDI;in prossimità;;del civico n. ;13;;Scontro laterale fra veicoli in marcia;Rettilineo;Una carreggiata a senso unico di marcia;Asciutto;Asfaltata;Verticale ed orizzontale;Sereno;Normale;Buona;Ore Diurne;0;0;0;2;;;-1;1;Autovettura privata;In marcia / fermata / arresto;Conducente;M;Illeso;0;;Non accertato;Inesistente
1722145;1;29/04/2007 10:00;Strada Urbana;LUNGOTEVERE DEI TEBALDI;in prossimità;;del civico n. ;13;;Scontro laterale fra veicoli in marcia;Rettilineo;Una carreggiata a senso unico di marcia;Asciutto;Asfaltata;Verticale ed orizzontale;Sereno;Normale;Buona;Ore Diurne;0;0;0;2;;;-1;2;Autovettura privata;In marcia / fermata / arresto;Conducente;M;Illeso;0;;Non accertato;Inesistente
1722150;1;30/04/2007 10:30;Strada Urbana;VIA DEL BANCO DI S. SPIRITO;in corrispondenza;;del civico n. ;41;;Investimento di pedone;Rettilineo;Una carreggiata a senso unico di marcia;Bagnato (pioggia);Asfaltata;Verticale ed orizzontale;Pioggia in atto;Normale;Buona;Ore Diurne;1;0;0;1;;;-1;;;;Pedone;M;Rifiuta cure immediate;0;NON DECEDUTO;;
1722150;1;30/04/2007 10:30;Strada Urbana;VIA DEL BANCO DI S. SPIRITO;in corrispondenza;;del civico n. ;41;;Investimento di pedone;Rettilineo;Una carreggiata a senso unico di marcia;Bagnato (pioggia);Asfaltata;Verticale ed orizzontale;Pioggia in atto;Normale;Buona;Ore Diurne;1;0;0;1;;;-1;1;Motociclo a solo;In marcia / fermata / arresto;Conducente;M;Illeso;0;;Utilizzato;Inesistente
1722151;1;30/04/2007 10:50;Strada Urbana;CORSO DEL RINASCIMENTO;in prossimità;;del civico n. ;25;;Investimento di pedone;Rettilineo;Una carreggiata a doppio senso;Bagnato (pioggia);In cubetti di porfido;Verticale ed orizzontale;Pioggia in atto;Normale;Buona;Ore Diurne;1;0;0;1;;;-1;;;;Pedone;M;Rimandato;0;NON DECEDUTO;;
1722151;1;30/04/2007 10:50;Strada Urbana;CORSO DEL RINASCIMENTO;in prossimità;;del civico n. ;25;;Investimento di pedone;Rettilineo;Una carreggiata a doppio senso;Bagnato (pioggia);In cubetti di porfido;Verticale ed orizzontale;Pioggia in atto;Normale;Buona;Ore Diurne;1;0;0;1;;;-1;1;Motociclo a solo;In marcia / fermata / arresto;Conducente;M;Illeso;0;;Non accertato;Inesistente
1722152;1;30/04/2007 11:15;Strada Urbana;VIA BUONARROTI;all'intersezione con;VIA FERRUCCIO;VIA FERRUCCIO;;;Tamponamento;Incrocio;Una carreggiata a senso unico di marcia;Bagnato (pioggia);In cubetti di porfido;Verticale ed orizzontale;Pioggia in atto;Normale;Buona;Ore Diurne;0;0;0;2;;;-1;1;Motociclo a solo;In marcia / fermata / arresto;Conducente;M;Illeso;0;;Non accertato;Inesistente
1722152;1;30/04/2007 11:15;Strada Urbana;VIA BUONARROTI;all'intersezione con;VIA FERRUCCIO;VIA FERRUCCIO;;;Tamponamento;Incrocio;Una carreggiata a senso unico di marcia;Bagnato (pioggia);In cubetti di porfido;Verticale ed orizzontale;Pioggia in atto;Normale;Buona;Ore Diurne;0;0;0;2;;;-1;2;Autovettura privata;In marcia / fermata / arresto;Conducente;M;Illeso;0;;Non accertato;Inesistente
1722153;1;30/04/2007 12:15;Strada Urbana;VIA GARIBALDI;in prossimità;;del palo luce n. ;35;;Veicolo in marcia contro ostacolo accidentale;Curva a visuale libera;Una carreggiata a doppio senso;Viscido da liquidi oleosi;Asfaltata;Verticale ed orizzontale;Nuvoloso;Scarso;Sufficiente;Ore Diurne;0;0;0;1;;;-1;1;Autovettura privata;In marcia / fermata / arresto;Conducente;M;Illeso;0;;Non accertato;Inesistente
1722167;10;30/04/2007 12:50;Altra strada;PIAZZA DI CINECITTA';da specificare;;;;CORTILE INTERNO MUNICIPIO PIAZZA DI CINECITTA' 11;Veicolo in marcia contro veicolo in sosta;Curva a visuale libera;Una carreggiata a senso unico di marcia;Asciutto;Asfaltata;Assente;Sereno;Scarso;Buona;Ore Diurne;0;0;0;1;;;-1;1;Autovettura privata;In marcia / fermata / arresto;Conducente;M;Illeso;0;;Utilizzato;Inesploso
1722176;11;24/04/2007 09:15;Strada Urbana;VIA DEL SERAFICO;all'intersezione con;VIA SIMONE MARTINI;VIA SIMONE MARTINI;;;Scontro frontale/laterale DX fra veicoli in marcia;Incrocio;Due carreggiate;Asciutto;Asfaltata;Verticale ed orizzontale;Sereno;Normale;Buona;Ore Diurne;0;0;0;2;;;-1;1;Motociclo a solo;In marcia / fermata / arresto;Conducente;M;Illeso;0;;Non accertato;Inesistente
1722176;11;24/04/2007 09:15;Strada Urbana;VIA DEL SERAFICO;all'intersezione con;VIA SIMONE MARTINI;VIA SIMONE MARTINI;;;Scontro frontale/laterale DX fra veicoli in marcia;Incrocio;Due carreggiate;Asciutto;Asfaltata;Verticale ed orizzontale;Sereno;Normale;Buona;Ore Diurne;0;0;0;2;;;-1;2;Autovettura privata;In marcia / fermata / arresto;Conducente;M;Illeso;0;;Non accertato;Inesistente
1722177;11;24/04/2007 09:30;Strada Urbana;VIA BENEDETTO CROCE;in corrispondenza;;del civico n. ;49;;Scontro frontale fra veicoli in marcia;Rettilineo;Una carreggiata a senso unico di marcia;Asciutto;Asfaltata;Orizzontale;Sereno;Scarso;Buona;Ore Diurne;0;0;0;2;;;-1;1;Autovettura privata;In marcia / fermata / arresto;Conducente;M;Illeso;0;;Utilizzato;Inesistente
1722177;11;24/04/2007 09:30;Strada Urbana;VIA BENEDETTO CROCE;in corrispondenza;;del civico n. ;49;;Scontro frontale fra veicoli in marcia;Rettilineo;Una carreggiata a senso unico di marcia;Asciutto;Asfaltata;Orizzontale;Sereno;Scarso;Buona;Ore Diurne;0;0;0;2;;;-1;2;Autovettura privata;In marcia / fermata / arresto;Conducente;M;Illeso;0;;Utilizzato;Inesistente
1722178;11;24/04/2007 09:50;Strada Urbana;VIALE GUGLIELMO MARCONI;in corrispondenza;;del civico n. ;578;;Veicolo in marcia contro veicolo fermo;Rettilineo;Due carreggiate;Asciutto;Asfaltata;Verticale ed orizzontale;Sereno;Normale;Buona;Ore Diurne;0;0;0;1;;;-1;2;Motociclo a solo;In marcia / fermata / arresto;Conducente;M;Illeso;0;;Utilizzato;Inesistente
1722179;11;24/04/2007 11:10;Strada Urbana;VIA TEMISTOCLE CALZECCHI ONESTI;all'intersezione semaforizzata con;VIALE DI S. PAOLO;VIALE DI S. PAOLO;;;Scontro frontale/laterale DX fra veicoli in marcia;Intersezione semaforizzata;Due carreggiate;Asciutto;Asfaltata;Verticale ed orizzontale;Sereno;Normale;Buona;Ore Diurne;1;0;0;2;;;-1;1;Autovettura privata;In marcia / fermata / arresto;Conducente;M;Rifiuta cure immediate;0;NON DECEDUTO;Utilizzato;Inesistente
1722179;11;24/04/2007 11:10;Strada Urbana;VIA TEMISTOCLE CALZECCHI ONESTI;all'intersezione semaforizzata con;VIALE DI S. PAOLO;VIALE DI S. PAOLO;;;Scontro frontale/laterale DX fra veicoli in marcia;Intersezione semaforizzata;Due carreggiate;Asciutto;Asfaltata;Verticale ed orizzontale;Sereno;Normale;Buona;Ore Diurne;1;0;0;2;;;-1;2;Autovettura privata;In marcia / fermata / arresto;Conducente;F;Illeso;0;;Utilizzato;Inesistente
1722179;11;24/04/2007 11:10;Strada Urbana;VIA TEMISTOCLE CALZECCHI ONESTI;all'intersezione semaforizzata con;VIALE DI S. PAOLO;VIALE DI S. PAOLO;;;Scontro frontale/laterale DX fra veicoli in marcia;Intersezione semaforizzata;Due carreggiate;Asciutto;Asfaltata;Verticale ed orizzontale;Sereno;Normale;Buona;Ore Diurne;1;0;0;2;;;-1;2;Autovettura privata;In marcia / fermata / arresto;Passeggero;F;Illeso;0;;Utilizzato;Inesistente
1722180;11;24/04/2007 12:45;Provinciale entro l'abitato;VIA LAURENTINA;da specificare;;;;fronte civico 460;Tamponamento Multiplo;Rettilineo;Due carreggiate;Asciutto;Asfaltata;Verticale ed orizzontale;Sereno;Intenso;Buona;Ore Diurne;2;0;0;2;;;-1;1;Autovettura privata;In marcia / fermata / arresto;Conducente;M;Illeso;0;;Non accertato;Inesistente
1722180;11;24/04/2007 12:45;Provinciale entro l'abitato;VIA LAURENTINA;da specificare;;;;fronte civico 460;Tamponamento Multiplo;Rettilineo;Due carreggiate;Asciutto;Asfaltata;Verticale ed orizzontale;Sereno;Intenso;Buona;Ore Diurne;2;0;0;2;;;-1;2;Autovettura privata;In marcia / fermata / arresto;Conducente;M;Rifiuta cure immediate;0;NON DECEDUTO;Non accertato;Inesistente
1722180;11;24/04/2007 12:45;Provinciale entro l'abitato;VIA LAURENTINA;da specificare;;;;fronte civico 460;Tamponamento Multiplo;Rettilineo;Due carreggiate;Asciutto;Asfaltata;Verticale ed orizzontale;Sereno;Intenso;Buona;Ore Diurne;2;0;0;2;;;-1;2;Autovettura privata;In marcia / fermata / arresto;Passeggero;M;Rifiuta cure immediate;0;NON DECEDUTO;Non accertato;Inesistente
1722180;11;24/04/2007 12:45;Provinciale entro l'abitato;VIA LAURENTINA;da specificare;;;;fronte civico 460;Tamponamento Multiplo;Rettilineo;Due carreggiate;Asciutto;Asfaltata;Verticale ed orizzontale;Sereno;Intenso;Buona;Ore Diurne;2;0;0;2;;;-1;3;Autovettura privata;In marcia / fermata / arresto;Conducente;F;Illeso;0;;Non accertato;Inesistente
1722181;11;24/04/2007 13:00;Strada Urbana;VIA DELLE SETTE CHIESE;all'intersezione con;VIA LEON PANCALDO;VIA LEON PANCALDO;;;Scontro frontale/laterale DX fra veicoli in marcia;Incrocio;Due carreggiate;Asciutto;Asfaltata;Verticale ed orizzontale;Sereno;Normale;Buona;Ore Diurne;0;0;0;2;;;-1;1;Autovettura privata;In marcia / fermata / arresto;Conducente;M;Illeso;0;;Non accertato;Inesistente
1722181;11;24/04/2007 13:00;Strada Urbana;VIA DELLE SETTE CHIESE;all'intersezione con;VIA LEON PANCALDO;VIA LEON PANCALDO;;;Scontro frontale/laterale DX fra veicoli in marcia;Incrocio;Due carreggiate;Asciutto;Asfaltata;Verticale ed orizzontale;Sereno;Normale;Buona;Ore Diurne;0;0;0;2;;;-1;2;Autovettura privata;In marcia / fermata / arresto;Conducente;M;Illeso;0;;Non accertato;Inesistente
1722182;11;24/04/2007 14:30;Strada Urbana;VIA OSTIENSE;all'intersezione semaforizzata con;VIA FRANCESCO NEGRI;VIA FRANCESCO NEGRI;;;Scontro frontale/laterale DX fra veicoli in marcia;Intersezione semaforizzata;Più di due carreggiate;Asciutto;Asfaltata;Verticale ed orizzontale;Sereno;Normale;Buona;Ore Diurne;0;0;0;4;;;-1;1;Ciclomotore;In marcia / fermata / arresto;Conducente;M;Illeso;0;;Utilizzato;Inesistente
1722182;11;24/04/2007 14:30;Strada Urbana;VIA OSTIENSE;all'intersezione semaforizzata con;VIA FRANCESCO NEGRI;VIA FRANCESCO NEGRI;;;Scontro frontale/laterale DX fra veicoli in marcia;Intersezione semaforizzata;Più di due carreggiate;Asciutto;Asfaltata;Verticale ed orizzontale;Sereno;Normale;Buona;Ore Diurne;0;0;0;4;;;-1;2;Autovettura pubblica;In marcia / fermata / arresto;Conducente;M;Illeso;0;;Non accertato;Inesistente
1722182;11;24/04/2007 14:30;Strada Urbana;VIA OSTIENSE;all'intersezione semaforizzata con;VIA FRANCESCO NEGRI;VIA FRANCESCO NEGRI;;;Scontro frontale/laterale DX fra veicoli in marcia;Intersezione semaforizzata;Più di due carreggiate;Asciutto;Asfaltata;Verticale ed orizzontale;Sereno;Normale;Buona;Ore Diurne;0;0;0;4;;;-1;2;Autovettura pubblica;In marcia / fermata / arresto;Passeggero;F;Illeso;0;;Non accertato;Inesistente
1722182;11;24/04/2007 14:30;Strada Urbana;VIA OSTIENSE;all'intersezione semaforizzata con;VIA FRANCESCO NEGRI;VIA FRANCESCO NEGRI;;;Scontro frontale/laterale DX fra veicoli in marcia;Intersezione semaforizzata;Più di due carreggiate;Asciutto;Asfaltata;Verticale ed orizzontale;Sereno;Normale;Buona;Ore Diurne;0;0;0;4;;;-1;2;Autovettura pubblica;In marcia / fermata / arresto;Passeggero;F;Illeso;0;;Non accertato;Inesistente
1722183;11;24/04/2007 18:10;Strada Urbana;VIA ROSA GUARNIERI CARDUCCI;all'intersezione con;VIA ROSA RAIMONDI GARIBALDI;VIA ROSA RAIMONDI GARIBALDI;;;Scontro frontale/laterale SX fra veicoli in marcia;Intersezione stradale segnalata;Più di due carreggiate;Asciutto;Asfaltata;Verticale ed orizzontale;Sereno;Normale;Buona;Ore Diurne;1;0;0;1;;;-1;1;Autovettura privata;In marcia / fermata / arresto;Conducente;M;Illeso;0;;Utilizzato;Inesistente
1722183;11;24/04/2007 18:10;Strada Urbana;VIA ROSA GUARNIERI CARDUCCI;all'intersezione con;VIA ROSA RAIMONDI GARIBALDI;VIA ROSA RAIMONDI GARIBALDI;;;Scontro frontale/laterale SX fra veicoli in marcia;Intersezione stradale segnalata;Più di due carreggiate;Asciutto;Asfaltata;Verticale ed orizzontale;Sereno;Normale;Buona;Ore Diurne;1;0;0;1;;;-1;2;Motociclo a solo;In marcia / fermata / arresto;Conducente;F;Ricoverato;0;NON DECEDUTO;Utilizzato;Inesistente
1722184;11;24/04/2007 18:30;Strada Urbana;VIA DELLA BADIA DI CAVA;all'intersezione con;VIA DI GROTTA PERFETTA;VIA DI GROTTA PERFETTA;;;Scontro laterale fra veicoli in marcia;Incrocio;Una carreggiata a senso unico di marcia;Asciutto;Asfaltata;Verticale ed orizzontale;Sereno;Normale;Buona;Ore Diurne;1;0;0;3;;;-1;1;Motociclo a solo;In marcia / fermata / arresto;Conducente;M;Rimandato;0;NON DECEDUTO;Utilizzato;Inesistente
1722184;11;24/04/2007 18:30;Strada Urbana;VIA DELLA BADIA DI CAVA;all'intersezione con;VIA DI GROTTA PERFETTA;VIA DI GROTTA PERFETTA;;;Scontro laterale fra veicoli in marcia;Incrocio;Una carreggiata a senso unico di marcia;Asciutto;Asfaltata;Verticale ed orizzontale;Sereno;Normale;Buona;Ore Diurne;1;0;0;3;;;-1;2;Autovettura privata;In marcia / fermata / arresto;Conducente;F;Illeso;0;;Utilizzato;Inesistente
1722184;11;24/04/2007 18:30;Strada Urbana;VIA DELLA BADIA DI CAVA;all'intersezione con;VIA DI GROTTA PERFETTA;VIA DI GROTTA PERFETTA;;;Scontro laterale fra veicoli in marcia;Incrocio;Una carreggiata a senso unico di marcia;Asciutto;Asfaltata;Verticale ed orizzontale;Sereno;Normale;Buona;Ore Diurne;1;0;0;3;;;-1;3;Autovettura privata;In marcia / fermata / arresto;Conducente;M;Illeso;0;;Utilizzato;Inesistente
1722184;11;24/04/2007 18:30;Strada Urbana;VIA DELLA BADIA DI CAVA;all'intersezione con;VIA DI GROTTA PERFETTA;VIA DI GROTTA PERFETTA;;;Scontro laterale fra veicoli in marcia;Incrocio;Una carreggiata a senso unico di marcia;Asciutto;Asfaltata;Verticale ed orizzontale;Sereno;Normale;Buona;Ore Diurne;1;0;0;3;;;-1;4;Autovettura privata;In marcia / fermata / arresto;Conducente;M;Illeso;0;;Non accertato;Inesistente
1722185;11;24/04/2007 18:55;Strada Urbana;VIA DI VIGNA MURATA;all'intersezione con;VIA ARDEATINA;VIA ARDEATINA;;;Tamponamento;Intersezione non regolata/non segnalata;Una carreggiata a senso unico di marcia;Asciutto;Asfaltata;Verticale ed orizzontale;Sereno;Normale;Buona;Ore Diurne;0;0;0;2;;;-1;1;Autovettura privata;In marcia / fermata / arresto;Conducente;F;Illeso;0;;Utilizzato;Inesistente
1722185;11;24/04/2007 18:55;Strada Urbana;VIA DI VIGNA MURATA;all'intersezione con;VIA ARDEATINA;VIA ARDEATINA;;;Tamponamento;Intersezione non regolata/non segnalata;Una carreggiata a senso unico di marcia;Asciutto;Asfaltata;Verticale ed orizzontale;Sereno;Normale;Buona;Ore Diurne;0;0;0;2;;;-1;2;Autovettura privata;In marcia / fermata / arresto;Conducente;M;Illeso;0;;Utilizzato;Inesistente
1722186;11;28/04/2007 08:00;Provinciale entro l'abitato;VIA ARDEATINA;in prossimità;;del civico n. ;620;;Scontro frontale fra veicoli in marcia;Curva a visuale libera;Una carreggiata a doppio senso;Asciutto;Asfaltata;Verticale ed orizzontale;Sereno;Scarso;Buona;Ore Diurne;3;0;0;0;;;-1;1;Autovettura privata;In marcia / fermata / arresto;Conducente;M;Rimandato;0;NON DECEDUTO;Utilizzato;Inesistente