Protocollo;Gruppo;DataOraIncidente;Localizzazione1;STRADA1;Localizzazione2;STRADA2;Strada02;Chilometrica;DaSpecificare;NaturaIncidente;particolaritastrade;TipoStrada;FondoStradale;Pavimentazione;Segnaletica;CondizioneAtmosferica;Traffico;Visibilita;Illuminazione;NUM_FERITI;NUM_RISERVATA;NUM_MORTI;NUM_ILLESI;Longitudine;Latitudine;Confermato;Progressivo;TipoVeicolo;StatoVeicolo;TipoPersona;Sesso;Tipolesione;Deceduto;DecedutoDopo;CinturaCascoUtilizzato;Airbag
1722186;11;28/04/2007 08:00;Provinciale entro l'abitato;VIA ARDEATINA;in prossimità;;del civico n. ;620;;Scontro frontale fra veicoli in marcia;Curva a visuale libera;Una carreggiata a doppio senso;Asciutto;Asfaltata;Verticale ed orizzontale;Sereno;Scarso;Buona;Ore Diurne;3;0;0;0;;;-1;1;Autovettura privata;In marcia / fermata / arresto;Passeggero;F;Rimandato;0;NON DECEDUTO;Utilizzato;Inesistente
1722186;11;28/04/2007 08:00;Provinciale entro l'abitato;VIA ARDEATINA;in prossimità;;del civico n. ;620;;Scontro frontale fra veicoli in marcia;Curva a visuale libera;Una carreggiata a doppio senso;Asciutto;Asfaltata;Verticale ed orizzontale;Sereno;Scarso;Buona;Ore Diurne;3;0;0;0;;;-1;2;Autovettura privata;In marcia / fermata / arresto;Conducente;F;Ricoverato;0;NON DECEDUTO;Utilizzato;Inesistente
1722208;16;16/04/2007 11:50;Strada Urbana;VIALE DEI QUATTRO VENTI;in prossimità;;del civico n. ;255;;Tamponamento Multiplo;Curva a visuale libera;Una carreggiata a doppio senso;Asciutto;Lastricata;Orizzontale;Sereno;Normale;Buona;Ore Diurne;0;0;0;2;;;-1;1;Autovettura privata;In marcia / fermata / arresto;Conducente;M;Illeso;0;;Non accertato;Inesistente
1722208;16;16/04/2007 11:50;Strada Urbana;VIALE DEI QUATTRO VENTI;in prossimità;;del civico n. ;255;;Tamponamento Multiplo;Curva a visuale libera;Una carreggiata a doppio senso;Asciutto;Lastricata;Orizzontale;Sereno;Normale;Buona;Ore Diurne;0;0;0;2;;;-1;2;Autovettura privata;In marcia / fermata / arresto;Conducente;M;Illeso;0;;Non accertato;Inesistente
1722254;4;27/04/2007 01:15;Strada Urbana;VIA DELLE ISOLE CURZOLANE;in corrispondenza;;del civico n. ;74;;Veicolo in marcia contro veicolo in sosta;Rettilineo;Due carreggiate;Bagnato (brina);Asfaltata;Verticale ed orizzontale;Nuvoloso;Scarso;Buona;Sufficiente;0;0;0;2;;;-1;1;Autocarro inferiore 35 q.;In marcia / fermata / arresto;Conducente;M;Illeso;0;;Non accertato;Inesistente
1722254;4;27/04/2007 01:15;Strada Urbana;VIA DELLE ISOLE CURZOLANE;in corrispondenza;;del civico n. ;74;;Veicolo in marcia contro veicolo in sosta;Rettilineo;Due carreggiate;Bagnato (brina);Asfaltata;Verticale ed orizzontale;Nuvoloso;Scarso;Buona;Sufficiente;0;0;0;2;;;-1;1;Autocarro inferiore 35 q.;In marcia / fermata / arresto;Passeggero;M;Illeso;0;;Non accertato;Inesistente
1722255;4;27/04/2007 08:05;Statale entro l'abitato;VIA SALARIA;in corrispondenza;;del civico n. ;825;;Scontro laterale fra veicoli in marcia;Rettilineo;Due carreggiate;Asciutto;Asfaltata;Verticale ed orizzontale;Sereno;Normale;Buona;Ore Diurne;1;0;0;1;;;-1;1;Autovettura privata;In marcia / fermata / arresto;Conducente;M;Illeso;0;;Non accertato;Inesploso
1722255;4;27/04/2007 08:05;Statale entro l'abitato;VIA SALARIA;in corrispondenza;;del civico n. ;825;;Scontro laterale fra veicoli in marcia;Rettilineo;Due carreggiate;Asciutto;Asfaltata;Verticale ed orizzontale;Sereno;Normale;Buona;Ore Diurne;1;0;0;1;;;-1;2;Ciclomotore;In marcia / fermata / arresto;Conducente;M;Ricoverato;0;NON DECEDUTO;Non accertato;Inesistente
1722256;4;27/04/2007 08:45;Strada Urbana;VIADOTTO GIUSEPPE SARAGAT;in corrispondenza;;del palo luce n. ;267;;Veicolo in marcia contro ostacolo accidentale;Rettilineo;Due carreggiate;Asciutto;Asfaltata;Orizzontale;Sereno;Scarso;Buona;Ore Diurne;1;0;0;0;;;-1;1;Motociclo a solo;In marcia / fermata / arresto;Conducente;M;Rimandato;0;NON DECEDUTO;Non accertato;Inesistente
1722257;4;27/04/2007 10:10;Strada Urbana;VIALE CARNARO;all'intersezione con;PIAZZA ROCCIAMELONE;PIAZZA ROCCIAMELONE;;;Scontro frontale/laterale SX fra veicoli in marcia;Incrocio;Una carreggiata a senso unico di marcia;Asciutto;Asfaltata;Orizzontale;Sereno;Normale;Buona;Ore Diurne;1;0;0;2;;;-1;1;Autovettura privata;In marcia / fermata / arresto;Conducente;M;Illeso;0;;Non accertato;Inesistente
1722257;4;27/04/2007 10:10;Strada Urbana;VIALE CARNARO;all'intersezione con;PIAZZA ROCCIAMELONE;PIAZZA ROCCIAMELONE;;;Scontro frontale/laterale SX fra veicoli in marcia;Incrocio;Una carreggiata a senso unico di marcia;Asciutto;Asfaltata;Orizzontale;Sereno;Normale;Buona;Ore Diurne;1;0;0;2;;;-1;1;Autovettura privata;In marcia / fermata / arresto;Passeggero;F;Illeso;0;;Non accertato;Inesistente
1722257;4;27/04/2007 10:10;Strada Urbana;VIALE CARNARO;all'intersezione con;PIAZZA ROCCIAMELONE;PIAZZA ROCCIAMELONE;;;Scontro frontale/laterale SX fra veicoli in marcia;Incrocio;Una carreggiata a senso unico di marcia;Asciutto;Asfaltata;Orizzontale;Sereno;Normale;Buona;Ore Diurne;1;0;0;2;;;-1;2;Motociclo a solo;In marcia / fermata / arresto;Conducente;M;Rimandato;0;NON DECEDUTO;Utilizzato;Inesistente
1722258;4;27/04/2007 12:00;Statale entro l'abitato;VIA SALARIA;in prossimità;;del civico n. ;774;;Fuoriuscita dalla sede stradale;Rettilineo;Due carreggiate;Asciutto;Asfaltata;Orizzontale;Sereno;Normale;Buona;Ore Diurne;0;0;0;2;;;-1;1;Autovettura privata;In marcia / fermata / arresto;Conducente;F;Illeso;0;;Non accertato;Inesistente
1722258;4;27/04/2007 12:00;Statale entro l'abitato;VIA SALARIA;in prossimità;;del civico n. ;774;;Fuoriuscita dalla sede stradale;Rettilineo;Due carreggiate;Asciutto;Asfaltata;Orizzontale;Sereno;Normale;Buona;Ore Diurne;0;0;0;2;;;-1;2;Autovettura privata;In marcia / fermata / arresto;Conducente;M;Illeso;0;;Non accertato;Inesistente
1722259;4;27/04/2007 15:40;Statale entro l'abitato;VIA SALARIA;all'intersezione con;VIA DI CASTEL GIUBILEO;VIA DI CASTEL GIUBILEO;;;Scontro laterale fra veicoli in marcia;Incrocio;Due carreggiate;Asciutto;Asfaltata;Verticale ed orizzontale;Nuvoloso;Normale;Buona;Ore Diurne;0;0;0;2;;;-1;1;Autovettura privata;In marcia / fermata / arresto;Conducente;M;Illeso;0;;Non accertato;Inesistente
1722259;4;27/04/2007 15:40;Statale entro l'abitato;VIA SALARIA;all'intersezione con;VIA DI CASTEL GIUBILEO;VIA DI CASTEL GIUBILEO;;;Scontro laterale fra veicoli in marcia;Incrocio;Due carreggiate;Asciutto;Asfaltata;Verticale ed orizzontale;Nuvoloso;Normale;Buona;Ore Diurne;0;0;0;2;;;-1;2;Autovettura privata;In marcia / fermata / arresto;Conducente;M;Illeso;0;;Non accertato;Inesistente
1722260;4;27/04/2007 18:15;Strada Urbana;VIA CARLO LORENZINI;in prossimità;;del civico n. ;50;;Investimento di pedone;Rettilineo;Una carreggiata a doppio senso;Asciutto;Asfaltata;Verticale ed orizzontale;Nuvoloso;Normale;Buona;Ore Diurne;2;0;0;0;;;-1;;;;Pedone;F;Rimandato;0;NON DECEDUTO;;
1722260;4;27/04/2007 18:15;Strada Urbana;VIA CARLO LORENZINI;in prossimità;;del civico n. ;50;;Investimento di pedone;Rettilineo;Una carreggiata a doppio senso;Asciutto;Asfaltata;Verticale ed orizzontale;Nuvoloso;Normale;Buona;Ore Diurne;2;0;0;0;;;-1;1;Ciclomotore;In marcia / fermata / arresto;Conducente;M;Rimandato;0;NON DECEDUTO;Non accertato;Inesistente
1722261;4;27/04/2007 18:30;Strada Urbana;VIA VALLARSA;all'intersezione con;VIA NOMENTANA NUOVA;VIA NOMENTANA NUOVA;;;Scontro frontale/laterale DX fra veicoli in marcia;Intersezione stradale segnalata;Una carreggiata a doppio senso;Asciutto;Asfaltata;Verticale ed orizzontale;Sereno;Intenso;Buona;Ore Diurne;1;0;0;1;;;-1;1;Autovettura privata;In marcia / fermata / arresto;Conducente;M;Illeso;0;;Non accertato;Inesistente
1722261;4;27/04/2007 18:30;Strada Urbana;VIA VALLARSA;all'intersezione con;VIA NOMENTANA NUOVA;VIA NOMENTANA NUOVA;;;Scontro frontale/laterale DX fra veicoli in marcia;Intersezione stradale segnalata;Una carreggiata a doppio senso;Asciutto;Asfaltata;Verticale ed orizzontale;Sereno;Intenso;Buona;Ore Diurne;1;0;0;1;;;-1;2;Ciclomotore;In marcia / fermata / arresto;Conducente;M;Rimandato;0;NON DECEDUTO;Non accertato;Inesistente
1722262;4;27/04/2007 19:50;Strada Urbana;VIA VAL BREMBANA;in prossimità;;del civico n. ;11;;Tamponamento;Rettilineo;Una carreggiata a senso unico di marcia;Asciutto;Asfaltata;Assente;Sereno;Normale;Buona;Sufficiente;0;0;0;3;;;-1;1;Motociclo a solo;In marcia / fermata / arresto;Conducente;M;Illeso;0;;Utilizzato;Inesistente
1722262;4;27/04/2007 19:50;Strada Urbana;VIA VAL BREMBANA;in prossimità;;del civico n. ;11;;Tamponamento;Rettilineo;Una carreggiata a senso unico di marcia;Asciutto;Asfaltata;Assente;Sereno;Normale;Buona;Sufficiente;0;0;0;3;;;-1;2;Autovettura privata;In marcia / fermata / arresto;Conducente;M;Illeso;0;;Non accertato;Inesistente
1722262;4;27/04/2007 19:50;Strada Urbana;VIA VAL BREMBANA;in prossimità;;del civico n. ;11;;Tamponamento;Rettilineo;Una carreggiata a senso unico di marcia;Asciutto;Asfaltata;Assente;Sereno;Normale;Buona;Sufficiente;0;0;0;3;;;-1;2;Autovettura privata;In marcia / fermata / arresto;Passeggero;F;Illeso;0;;Non accertato;Inesistente
1722267;5;08/04/2007 20:00;Strada Urbana;VIA EUGENIO CHECCHI;all'intersezione con;VIA RENZO ROSSI;VIA RENZO ROSSI;;;Scontro frontale/laterale DX fra veicoli in marcia;Intersezione non regolata/non segnalata;Una carreggiata a doppio senso;Asciutto;Asfaltata;Verticale;Sereno;Scarso;Buona;Sufficiente;0;0;0;2;;;-1;1;Autovettura privata;In marcia / fermata / arresto;Conducente;M;Illeso;0;;Non accertato;Inesistente
1722267;5;08/04/2007 20:00;Strada Urbana;VIA EUGENIO CHECCHI;all'intersezione con;VIA RENZO ROSSI;VIA RENZO ROSSI;;;Scontro frontale/laterale DX fra veicoli in marcia;Intersezione non regolata/non segnalata;Una carreggiata a doppio senso;Asciutto;Asfaltata;Verticale;Sereno;Scarso;Buona;Sufficiente;0;0;0;2;;;-1;2;Autovettura privata;In marcia / fermata / arresto;Conducente;M;Illeso;0;;Non accertato;Inesistente
1722268;5;12/04/2007 09:15;Strada Urbana;VIA TIBURTINA;all'intersezione con;VIA ZOE FONTANA;VIA ZOE FONTANA;;;Scontro frontale/laterale SX fra veicoli in marcia;Incrocio;Una carreggiata a doppio senso;Asciutto;Asfaltata;Verticale ed orizzontale;Sereno;Intenso;Buona;Ore Diurne;0;0;0;3;;;-1;1;Autovettura privata;In marcia / fermata / arresto;Conducente;M;Illeso;0;;Non accertato;Inesistente
1722268;5;12/04/2007 09:15;Strada Urbana;VIA TIBURTINA;all'intersezione con;VIA ZOE FONTANA;VIA ZOE FONTANA;;;Scontro frontale/laterale SX fra veicoli in marcia;Incrocio;Una carreggiata a doppio senso;Asciutto;Asfaltata;Verticale ed orizzontale;Sereno;Intenso;Buona;Ore Diurne;0;0;0;3;;;-1;1;Autovettura privata;In marcia / fermata / arresto;Passeggero;M;Illeso;0;;Non accertato;Inesistente
1722268;5;12/04/2007 09:15;Strada Urbana;VIA TIBURTINA;all'intersezione con;VIA ZOE FONTANA;VIA ZOE FONTANA;;;Scontro frontale/laterale SX fra veicoli in marcia;Incrocio;Una carreggiata a doppio senso;Asciutto;Asfaltata;Verticale ed orizzontale;Sereno;Intenso;Buona;Ore Diurne;0;0;0;3;;;-1;2;Autocarro inferiore 35 q.;In marcia / fermata / arresto;Conducente;M;Illeso;0;;Non accertato;Inesistente
1722295;1;24/04/2007 16:20;Strada Urbana;VIA DEL CIRCO MASSIMO;in corrispondenza;;del civico n. ;3;;Scontro laterale fra veicoli in marcia;Rettilineo;Una carreggiata a doppio senso;Asciutto;Asfaltata;Verticale ed orizzontale;Sereno;Normale;Buona;Ore Diurne;1;0;0;3;;;-1;1;Autovettura privata;In marcia / fermata / arresto;Conducente;M;Illeso;0;;Non accertato;Inesistente
1722295;1;24/04/2007 16:20;Strada Urbana;VIA DEL CIRCO MASSIMO;in corrispondenza;;del civico n. ;3;;Scontro laterale fra veicoli in marcia;Rettilineo;Una carreggiata a doppio senso;Asciutto;Asfaltata;Verticale ed orizzontale;Sereno;Normale;Buona;Ore Diurne;1;0;0;3;;;-1;1;Autovettura privata;In marcia / fermata / arresto;Passeggero;M;Illeso;0;;Non accertato;Inesistente
1722295;1;24/04/2007 16:20;Strada Urbana;VIA DEL CIRCO MASSIMO;in corrispondenza;;del civico n. ;3;;Scontro laterale fra veicoli in marcia;Rettilineo;Una carreggiata a doppio senso;Asciutto;Asfaltata;Verticale ed orizzontale;Sereno;Normale;Buona;Ore Diurne;1;0;0;3;;;-1;2;Motociclo a solo;In marcia / fermata / arresto;Conducente;M;Illeso;0;;Non accertato;Inesistente
1722295;1;24/04/2007 16:20;Strada Urbana;VIA DEL CIRCO MASSIMO;in corrispondenza;;del civico n. ;3;;Scontro laterale fra veicoli in marcia;Rettilineo;Una carreggiata a doppio senso;Asciutto;Asfaltata;Verticale ed orizzontale;Sereno;Normale;Buona;Ore Diurne;1;0;0;3;;;-1;2;Motociclo a solo;In marcia / fermata / arresto;Passeggero;M;Rimandato;0;NON DECEDUTO;Non accertato;Inesistente
1722319;4;27/04/2007 07:00;Strada Urbana;VIADOTTO ANTONIO SEGNI;da specificare;;;;altezza cavalcavia Fidene;Infortunio per sola frenata improvvisa;Rettilineo;Due carreggiate;Asciutto;Strada pavimentata dissestata;Orizzontale;Sereno;Normale;Buona;Ore Diurne;1;0;0;0;;;-1;1;Motociclo a solo;In marcia / fermata / arresto;Conducente;M;Rimandato;0;NON DECEDUTO;Non accertato;Inesistente
1722320;4;27/04/2007 15:45;Strada Urbana;VIA UGO OJETTI;in prossimità;;del civico n. ;356;;Veicolo in marcia contro veicolo in sosta;Rettilineo;Due carreggiate;Asciutto;Asfaltata;Verticale ed orizzontale;Nuvoloso;Normale;Buona;Ore Diurne;1;0;0;1;;;-1;1;Autovettura privata;In marcia / fermata / arresto;Conducente;F;Illeso;0;;Non accertato;Inesploso
1722320;4;27/04/2007 15:45;Strada Urbana;VIA UGO OJETTI;in prossimità;;del civico n. ;356;;Veicolo in marcia contro veicolo in sosta;Rettilineo;Due carreggiate;Asciutto;Asfaltata;Verticale ed orizzontale;Nuvoloso;Normale;Buona;Ore Diurne;1;0;0;1;;;-1;2;Motociclo a solo;In marcia / fermata / arresto;Conducente;M;Rifiuta cure immediate;0;NON DECEDUTO;Utilizzato;Inesistente
1722321;4;28/04/2007 09:20;Statale entro l'abitato;VIA SALARIA;da specificare;;;;rampa d'accesso da Prati Fiscali;Scontro laterale fra veicoli in marcia;Rettilineo;Due carreggiate;Asciutto;Asfaltata;Verticale ed orizzontale;Sereno;Normale;Buona;Ore Diurne;0;0;0;2;;;-1;1;Autovettura privata;In marcia / fermata / arresto;Conducente;M;Illeso;0;;Utilizzato;Inesploso
1722321;4;28/04/2007 09:20;Statale entro l'abitato;VIA SALARIA;da specificare;;;;rampa d'accesso da Prati Fiscali;Scontro laterale fra veicoli in marcia;Rettilineo;Due carreggiate;Asciutto;Asfaltata;Verticale ed orizzontale;Sereno;Normale;Buona;Ore Diurne;0;0;0;2;;;-1;2;Autocarro inferiore 35 q.;In marcia / fermata / arresto;Conducente;M;Illeso;0;;Utilizzato;Inesistente
1722322;4;28/04/2007 09:40;Provinciale entro l'abitato;VIA NOMENTANA;in prossimità;;del civico n. ;745;;Investimento di pedone;Curva a visuale libera;Una carreggiata a doppio senso;Asciutto;Asfaltata;Orizzontale;Sereno;Normale;Buona;Ore Diurne;1;0;0;3;;;-1;;;;Pedone;M;Ricoverato;0;NON DECEDUTO;;
1722322;4;28/04/2007 09:40;Provinciale entro l'abitato;VIA NOMENTANA;in prossimità;;del civico n. ;745;;Investimento di pedone;Curva a visuale libera;Una carreggiata a doppio senso;Asciutto;Asfaltata;Orizzontale;Sereno;Normale;Buona;Ore Diurne;1;0;0;3;;;-1;1;Autovettura privata;In marcia / fermata / arresto;Conducente;F;Illeso;0;;Non accertato;Inesistente
1722322;4;28/04/2007 09:40;Provinciale entro l'abitato;VIA NOMENTANA;in prossimità;;del civico n. ;745;;Investimento di pedone;Curva a visuale libera;Una carreggiata a doppio senso;Asciutto;Asfaltata;Orizzontale;Sereno;Normale;Buona;Ore Diurne;1;0;0;3;;;-1;1;Autovettura privata;In marcia / fermata / arresto;Passeggero;M;Illeso;0;;Non accertato;Inesistente
1722322;4;28/04/2007 09:40;Provinciale entro l'abitato;VIA NOMENTANA;in prossimità;;del civico n. ;745;;Investimento di pedone;Curva a visuale libera;Una carreggiata a doppio senso;Asciutto;Asfaltata;Orizzontale;Sereno;Normale;Buona;Ore Diurne;1;0;0;3;;;-1;1;Autovettura privata;In marcia / fermata / arresto;Passeggero;F;Illeso;0;;Non accertato;Inesistente
1722323;4;28/04/2007 10:30;Strada Urbana;VIA STELVIO;in prossimità;;del civico n. ;1;;Scontro laterale fra veicoli in marcia;Rettilineo;Una carreggiata a senso unico di marcia;Asciutto;Asfaltata;Assente;Sereno;Normale;Buona;Ore Diurne;0;0;0;2;;;-1;1;Autovettura privata;In marcia / fermata / arresto;Conducente;F;Illeso;0;;Non accertato;Inesploso
1722323;4;28/04/2007 10:30;Strada Urbana;VIA STELVIO;in prossimità;;del civico n. ;1;;Scontro laterale fra veicoli in marcia;Rettilineo;Una carreggiata a senso unico di marcia;Asciutto;Asfaltata;Assente;Sereno;Normale;Buona;Ore Diurne;0;0;0;2;;;-1;2;Autovettura privata;In marcia / fermata / arresto;Conducente;M;Illeso;0;;Non accertato;Inesploso
1722324;4;28/04/2007 12:30;Strada Urbana;VIA DELLE VIGNE NUOVE;all'intersezione con;VIA GILBERTO GOVI;VIA GILBERTO GOVI;;;Scontro frontale/laterale SX fra veicoli in marcia;Incrocio;Una carreggiata a doppio senso;Asciutto;Asfaltata;Assente;Sereno;Normale;Buona;Ore Diurne;1;0;0;2;;;-1;1;Autovettura privata;In marcia / fermata / arresto;Conducente;M;Illeso;0;;Non accertato;Inesistente
1722324;4;28/04/2007 12:30;Strada Urbana;VIA DELLE VIGNE NUOVE;all'intersezione con;VIA GILBERTO GOVI;VIA GILBERTO GOVI;;;Scontro frontale/laterale SX fra veicoli in marcia;Incrocio;Una carreggiata a doppio senso;Asciutto;Asfaltata;Assente;Sereno;Normale;Buona;Ore Diurne;1;0;0;2;;;-1;2;Motociclo con passeggero;In marcia / fermata / arresto;Conducente;M;Rifiuta cure immediate;0;NON DECEDUTO;Non accertato;Inesistente
1722324;4;28/04/2007 12:30;Strada Urbana;VIA DELLE VIGNE NUOVE;all'intersezione con;VIA GILBERTO GOVI;VIA GILBERTO GOVI;;;Scontro frontale/laterale SX fra veicoli in marcia;Incrocio;Una carreggiata a doppio senso;Asciutto;Asfaltata;Assente;Sereno;Normale;Buona;Ore Diurne;1;0;0;2;;;-1;2;Motociclo con passeggero;In marcia / fermata / arresto;Passeggero;M;Illeso;0;;Non accertato;Inesistente
1722325;4;28/04/2007 13:00;Strada Urbana;VIALE ADRIATICO;in corrispondenza;;del civico n. ;57;;Investimento di pedone;Rettilineo;Una carreggiata a senso unico di marcia;Asciutto;Asfaltata;Verticale ed orizzontale;Sereno;Scarso;Buona;Ore Diurne;1;0;0;1;;;-1;;;;Pedone;F;Rifiuta cure immediate;0;NON DECEDUTO;;
1722325;4;28/04/2007 13:00;Strada Urbana;VIALE ADRIATICO;in corrispondenza;;del civico n. ;57;;Investimento di pedone;Rettilineo;Una carreggiata a senso unico di marcia;Asciutto;Asfaltata;Verticale ed orizzontale;Sereno;Scarso;Buona;Ore Diurne;1;0;0;1;;;-1;1;Autovettura privata;In marcia / fermata / arresto;Conducente;F;Illeso;0;;Utilizzato;Inesistente
1722326;4;28/04/2007 15:15;Strada Urbana;VIA S. GENNARO;in corrispondenza;;del civico n. ;173a;;Veicolo in marcia contro veicolo in sosta;Rettilineo;Una carreggiata a senso unico di marcia;Asciutto;Asfaltata;Verticale;Sereno;Scarso;Buona;Ore Diurne;0;0;0;2;;;-1;1;Autovettura privata;In marcia / fermata / arresto;Conducente;M;Illeso;0;;Non accertato;Inesistente
1722326;4;28/04/2007 15:15;Strada Urbana;VIA S. GENNARO;in corrispondenza;;del civico n. ;173a;;Veicolo in marcia contro veicolo in sosta;Rettilineo;Una carreggiata a senso unico di marcia;Asciutto;Asfaltata;Verticale;Sereno;Scarso;Buona;Ore Diurne;0;0;0;2;;;-1;1;Autovettura privata;In marcia / fermata / arresto;Passeggero;F;Illeso;0;;Non accertato;Inesistente
1722327;4;28/04/2007 18:30;Provinciale entro l'abitato;VIA NOMENTANA;in corrispondenza;;del civico n. ;1338;;Tamponamento;Rettilineo;Una carreggiata a doppio senso;Asciutto;Asfaltata;Orizzontale;Sereno;Normale;Buona;Ore Diurne;0;0;0;2;;;-1;1;Autovettura privata;In marcia / fermata / arresto;Conducente;F;Illeso;0;;Non accertato;Inesistente
1722327;4;28/04/2007 18:30;Provinciale entro l'abitato;VIA NOMENTANA;in corrispondenza;;del civico n. ;1338;;Tamponamento;Rettilineo;Una carreggiata a doppio senso;Asciutto;Asfaltata;Orizzontale;Sereno;Normale;Buona;Ore Diurne;0;0;0;2;;;-1;2;Autovettura privata;In marcia / fermata / arresto;Conducente;M;Illeso;0;;Non accertato;Inesistente
1722328;4;28/04/2007 19:10;Strada Urbana;VIA DELLE VIGNE NUOVE;all'intersezione semaforizzata con;VIALE FRANCESCO PASINETTI;VIALE FRANCESCO PASINETTI;;;Scontro laterale fra veicoli in marcia;Intersezione semaforizzata;Due carreggiate;Asciutto;Asfaltata;Verticale ed orizzontale;Sereno;Intenso;Buona;Ore Diurne;1;0;0;5;;;-1;1;Autovettura privata;In marcia / fermata / arresto;Conducente;F;Illeso;0;;Non accertato;Inesistente
1722328;4;28/04/2007 19:10;Strada Urbana;VIA DELLE VIGNE NUOVE;all'intersezione semaforizzata con;VIALE FRANCESCO PASINETTI;VIALE FRANCESCO PASINETTI;;;Scontro laterale fra veicoli in marcia;Intersezione semaforizzata;Due carreggiate;Asciutto;Asfaltata;Verticale ed orizzontale;Sereno;Intenso;Buona;Ore Diurne;1;0;0;5;;;-1;1;Autovettura privata;In marcia / fermata / arresto;Passeggero;M;Illeso;0;;Non accertato;Inesistente
1722328;4;28/04/2007 19:10;Strada Urbana;VIA DELLE VIGNE NUOVE;all'intersezione semaforizzata con;VIALE FRANCESCO PASINETTI;VIALE FRANCESCO PASINETTI;;;Scontro laterale fra veicoli in marcia;Intersezione semaforizzata;Due carreggiate;Asciutto;Asfaltata;Verticale ed orizzontale;Sereno;Intenso;Buona;Ore Diurne;1;0;0;5;;;-1;1;Autovettura privata;In marcia / fermata / arresto;Passeggero;M;Illeso;0;;Non accertato;Inesistente
1722328;4;28/04/2007 19:10;Strada Urbana;VIA DELLE VIGNE NUOVE;all'intersezione semaforizzata con;VIALE FRANCESCO PASINETTI;VIALE FRANCESCO PASINETTI;;;Scontro laterale fra veicoli in marcia;Intersezione semaforizzata;Due carreggiate;Asciutto;Asfaltata;Verticale ed orizzontale;Sereno;Intenso;Buona;Ore Diurne;1;0;0;5;;;-1;2;Autovettura privata;In marcia / fermata / arresto;Conducente;M;Illeso;0;;Non accertato;Inesistente
1722328;4;28/04/2007 19:10;Strada Urbana;VIA DELLE VIGNE NUOVE;all'intersezione semaforizzata con;VIALE FRANCESCO PASINETTI;VIALE FRANCESCO PASINETTI;;;Scontro laterale fra veicoli in marcia;Intersezione semaforizzata;Due carreggiate;Asciutto;Asfaltata;Verticale ed orizzontale;Sereno;Intenso;Buona;Ore Diurne;1;0;0;5;;;-1;2;Autovettura privata;In marcia / fermata / arresto;Passeggero;F;Rifiuta cure immediate;0;NON DECEDUTO;Non accertato;Inesistente
1722328;4;28/04/2007 19:10;Strada Urbana;VIA DELLE VIGNE NUOVE;all'intersezione semaforizzata con;VIALE FRANCESCO PASINETTI;VIALE FRANCESCO PASINETTI;;;Scontro laterale fra veicoli in marcia;Intersezione semaforizzata;Due carreggiate;Asciutto;Asfaltata;Verticale ed orizzontale;Sereno;Intenso;Buona;Ore Diurne;1;0;0;5;;;-1;2;Autovettura privata;In marcia / fermata / arresto;Passeggero;M;Illeso;0;;Non accertato;Inesistente
1722329;4;29/04/2007 11:10;Strada Urbana;VIA DOMENICO CAVALCA;in corrispondenza;;del fronte civico n. ;40;;Tamponamento;Curva a visuale libera;Una carreggiata a doppio senso;Asciutto;Asfaltata;Assente;Sereno;Scarso;Buona;Ore Diurne;1;0;0;1;;;-1;1;Velocipede;In marcia / fermata / arresto;Conducente;M;Ricoverato;0;NON DECEDUTO;Esente;Inesistente
1722329;4;29/04/2007 11:10;Strada Urbana;VIA DOMENICO CAVALCA;in corrispondenza;;del fronte civico n. ;40;;Tamponamento;Curva a visuale libera;Una carreggiata a doppio senso;Asciutto;Asfaltata;Assente;Sereno;Scarso;Buona;Ore Diurne;1;0;0;1;;;-1;2;Autovettura privata;In marcia / fermata / arresto;Conducente;M;Illeso;0;;Utilizzato;Inesploso
1722330;4;29/04/2007 11:15;Strada Urbana;VIA VAL MAIRA;all'intersezione con;VIA VAL PELLICE;VIA VAL PELLICE;;;Scontro frontale/laterale DX fra veicoli in marcia;Intersezione stradale segnalata;Una carreggiata a senso unico di marcia;Asciutto;Asfaltata;Verticale ed orizzontale;Sereno;Scarso;Buona;Ore Diurne;1;0;0;1;;;-1;1;Autovettura privata;In marcia / fermata / arresto;Conducente;F;Rimandato;0;NON DECEDUTO;Non accertato;Inesistente
1722330;4;29/04/2007 11:15;Strada Urbana;VIA VAL MAIRA;all'intersezione con;VIA VAL PELLICE;VIA VAL PELLICE;;;Scontro frontale/laterale DX fra veicoli in marcia;Intersezione stradale segnalata;Una carreggiata a senso unico di marcia;Asciutto;Asfaltata;Verticale ed orizzontale;Sereno;Scarso;Buona;Ore Diurne;1;0;0;1;;;-1;2;Autovettura privata;In marcia / fermata / arresto;Conducente;M;Illeso;0;;Non accertato;Inesistente
1722331;4;29/04/2007 14:50;Provinciale;VIA NOMENTANA;all'intersezione semaforizzata con;VIA FRATELLI MARISTI;VIA FRATELLI MARISTI;;;Scontro frontale/laterale DX fra veicoli in marcia;Incrocio;Una carreggiata a doppio senso;Asciutto;Asfaltata;Verticale ed orizzontale;Sereno;Normale;Buona;Ore Diurne;1;0;0;2;;;-1;1;Autovettura privata;In marcia / fermata / arresto;Conducente;F;Illeso;0;;Non accertato;Inesploso